{
  "0000": {
    "id": "0000",
    "name": "grass_light",
    "category": "terrain",
    "position": {
      "row": 0,
      "col": 0
    },
    "source": "terrain_tileset"
  },
  "0001": {
    "id": "0001",
    "name": "grass_dark",
    "category": "terrain",
    "position": {
      "row": 0,
      "col": 1
    },
    "source": "terrain_tileset"
  },
  "0002": {
    "id": "0002",
    "name": "grass_bright",
    "category": "terrain",
    "position": {
      "row": 0,
      "col": 2
    },
    "source": "terrain_tileset"
  },
  "0003": {
    "id": "0003",
    "name": "grass_medium",
    "category": "terrain",
    "position": {
      "row": 0,
      "col": 3
    },
    "source": "terrain_tileset"
  },
  "0004": {
    "id": "0004",
    "name": "grass_plain",
    "category": "terrain",
    "position": {
      "row": 0,
      "col": 4
    },
    "source": "terrain_tileset"
  },
  "0005": {
    "id": "0005",
    "name": "grass_forest",
    "category": "terrain",
    "position": {
      "row": 0,
      "col": 5
    },
    "source": "terrain_tileset"
  },
  "0006": {
    "id": "0006",
    "name": "grass_dry",
    "category": "terrain",
    "position": {
      "row": 0,
      "col": 6
    },
    "source": "terrain_tileset"
  },
  "0007": {
    "id": "0007",
    "name": "grass_lush",
    "category": "terrain",
    "position": {
      "row": 0,
      "col": 7
    },
    "source": "terrain_tileset"
  },
  "0008": {
    "id": "0008",
    "name": "dirt_dry",
    "category": "terrain",
    "position": {
      "row": 1,
      "col": 0
    },
    "source": "terrain_tileset"
  },
  "0009": {
    "id": "0009",
    "name": "dirt_wet",
    "category": "terrain",
    "position": {
      "row": 1,
      "col": 1
    },
    "source": "terrain_tileset"
  },
  "0010": {
    "id": "0010",
    "name": "dirt_dark",
    "category": "terrain",
    "position": {
      "row": 1,
      "col": 2
    },
    "source": "terrain_tileset"
  },
  "0011": {
    "id": "0011",
    "name": "dirt_red",
    "category": "terrain",
    "position": {
      "row": 1,
      "col": 3
    },
    "source": "terrain_tileset"
  },
  "0012": {
    "id": "0012",
    "name": "dirt_gold",
    "category": "terrain",
    "position": {
      "row": 1,
      "col": 4
    },
    "source": "terrain_tileset"
  },
  "0013": {
    "id": "0013",
    "name": "dirt_sandy",
    "category": "terrain",
    "position": {
      "row": 1,
      "col": 5
    },
    "source": "terrain_tileset"
  },
  "0014": {
    "id": "0014",
    "name": "dirt_light",
    "category": "terrain",
    "position": {
      "row": 1,
      "col": 6
    },
    "source": "terrain_tileset"
  },
  "0015": {
    "id": "0015",
    "name": "dirt_rocky",
    "category": "terrain",
    "position": {
      "row": 1,
      "col": 7
    },
    "source": "terrain_tileset"
  },
  "0016": {
    "id": "0016",
    "name": "stone_gray",
    "category": "terrain",
    "position": {
      "row": 2,
      "col": 0
    },
    "source": "terrain_tileset"
  },
  "0017": {
    "id": "0017",
    "name": "stone_dark",
    "category": "terrain",
    "position": {
      "row": 2,
      "col": 1
    },
    "source": "terrain_tileset"
  },
  "0018": {
    "id": "0018",
    "name": "stone_blue",
    "category": "terrain",
    "position": {
      "row": 2,
      "col": 2
    },
    "source": "terrain_tileset"
  },
  "0019": {
    "id": "0019",
    "name": "stone_light",
    "category": "terrain",
    "position": {
      "row": 2,
      "col": 3
    },
    "source": "terrain_tileset"
  },
  "0020": {
    "id": "0020",
    "name": "stone_bright",
    "category": "terrain",
    "position": {
      "row": 2,
      "col": 4
    },
    "source": "terrain_tileset"
  },
  "0021": {
    "id": "0021",
    "name": "stone_silver",
    "category": "terrain",
    "position": {
      "row": 2,
      "col": 5
    },
    "source": "terrain_tileset"
  },
  "0022": {
    "id": "0022",
    "name": "stone_white",
    "category": "terrain",
    "position": {
      "row": 2,
      "col": 6
    },
    "source": "terrain_tileset"
  },
  "0023": {
    "id": "0023",
    "name": "stone_pale",
    "category": "terrain",
    "position": {
      "row": 2,
      "col": 7
    },
    "source": "terrain_tileset"
  },
  "0024": {
    "id": "0024",
    "name": "water_deep",
    "category": "terrain",
    "position": {
      "row": 3,
      "col": 0
    },
    "source": "terrain_tileset"
  },
  "0025": {
    "id": "0025",
    "name": "water_ocean",
    "category": "terrain",
    "position": {
      "row": 3,
      "col": 1
    },
    "source": "terrain_tileset"
  },
  "0026": {
    "id": "0026",
    "name": "water_clear",
    "category": "terrain",
    "position": {
      "row": 3,
      "col": 2
    },
    "source": "terrain_tileset"
  },
  "0027": {
    "id": "0027",
    "name": "water_shallow",
    "category": "terrain",
    "position": {
      "row": 3,
      "col": 3
    },
    "source": "terrain_tileset"
  },
  "0028": {
    "id": "0028",
    "name": "sand_beach",
    "category": "terrain",
    "position": {
      "row": 3,
      "col": 4
    },
    "source": "terrain_tileset"
  },
  "0029": {
    "id": "0029",
    "name": "sand_desert",
    "category": "terrain",
    "position": {
      "row": 3,
      "col": 5
    },
    "source": "terrain_tileset"
  },
  "0030": {
    "id": "0030",
    "name": "sand_light",
    "category": "terrain",
    "position": {
      "row": 3,
      "col": 6
    },
    "source": "terrain_tileset"
  },
  "0031": {
    "id": "0031",
    "name": "sand_soft",
    "category": "terrain",
    "position": {
      "row": 3,
      "col": 7
    },
    "source": "terrain_tileset"
  },
  "0032": {
    "id": "0032",
    "name": "tree_oak",
    "category": "objects",
    "position": {
      "row": 0,
      "col": 0
    },
    "source": "objects_tileset"
  },
  "0033": {
    "id": "0033",
    "name": "tree_pine",
    "category": "objects",
    "position": {
      "row": 0,
      "col": 1
    },
    "source": "objects_tileset"
  },
  "0034": {
    "id": "0034",
    "name": "tree_small",
    "category": "objects",
    "position": {
      "row": 0,
      "col": 2
    },
    "source": "objects_tileset"
  },
  "0035": {
    "id": "0035",
    "name": "tree_dead",
    "category": "objects",
    "position": {
      "row": 0,
      "col": 3
    },
    "source": "objects_tileset"
  },
  "0036": {
    "id": "0036",
    "name": "bush_green",
    "category": "objects",
    "position": {
      "row": 0,
      "col": 4
    },
    "source": "objects_tileset"
  },
  "0037": {
    "id": "0037",
    "name": "bush_berry",
    "category": "objects",
    "position": {
      "row": 0,
      "col": 5
    },
    "source": "objects_tileset"
  },
  "0038": {
    "id": "0038",
    "name": "bush_flower",
    "category": "objects",
    "position": {
      "row": 0,
      "col": 6
    },
    "source": "objects_tileset"
  },
  "0039": {
    "id": "0039",
    "name": "bush_dry",
    "category": "objects",
    "position": {
      "row": 0,
      "col": 7
    },
    "source": "objects_tileset"
  },
  "0040": {
    "id": "0040",
    "name": "rock_small",
    "category": "objects",
    "position": {
      "row": 0,
      "col": 8
    },
    "source": "objects_tileset"
  },
  "0041": {
    "id": "0041",
    "name": "rock_large",
    "category": "objects",
    "position": {
      "row": 0,
      "col": 9
    },
    "source": "objects_tileset"
  },
  "0042": {
    "id": "0042",
    "name": "rock_mossy",
    "category": "objects",
    "position": {
      "row": 0,
      "col": 10
    },
    "source": "objects_tileset"
  },
  "0043": {
    "id": "0043",
    "name": "rock_sharp",
    "category": "objects",
    "position": {
      "row": 0,
      "col": 11
    },
    "source": "objects_tileset"
  },
  "0044": {
    "id": "0044",
    "name": "objects_r0c12",
    "category": "objects",
    "position": {
      "row": 0,
      "col": 12
    },
    "source": "objects_tileset"
  },
  "0045": {
    "id": "0045",
    "name": "objects_r0c13",
    "category": "objects",
    "position": {
      "row": 0,
      "col": 13
    },
    "source": "objects_tileset"
  },
  "0046": {
    "id": "0046",
    "name": "objects_r0c14",
    "category": "objects",
    "position": {
      "row": 0,
      "col": 14
    },
    "source": "objects_tileset"
  },
  "0047": {
    "id": "0047",
    "name": "objects_r0c15",
    "category": "objects",
    "position": {
      "row": 0,
      "col": 15
    },
    "source": "objects_tileset"
  },
  "0048": {
    "id": "0048",
    "name": "rock_small",
    "category": "objects",
    "position": {
      "row": 1,
      "col": 0
    },
    "source": "objects_tileset"
  },
  "0049": {
    "id": "0049",
    "name": "rock_large",
    "category": "objects",
    "position": {
      "row": 1,
      "col": 1
    },
    "source": "objects_tileset"
  },
  "0050": {
    "id": "0050",
    "name": "rock_mossy",
    "category": "objects",
    "position": {
      "row": 1,
      "col": 2
    },
    "source": "objects_tileset"
  },
  "0051": {
    "id": "0051",
    "name": "rock_sharp",
    "category": "objects",
    "position": {
      "row": 1,
      "col": 3
    },
    "source": "objects_tileset"
  },
  "0052": {
    "id": "0052",
    "name": "objects_r1c4",
    "category": "objects",
    "position": {
      "row": 1,
      "col": 4
    },
    "source": "objects_tileset"
  },
  "0053": {
    "id": "0053",
    "name": "objects_r1c5",
    "category": "objects",
    "position": {
      "row": 1,
      "col": 5
    },
    "source": "objects_tileset"
  },
  "0054": {
    "id": "0054",
    "name": "objects_r1c6",
    "category": "objects",
    "position": {
      "row": 1,
      "col": 6
    },
    "source": "objects_tileset"
  },
  "0055": {
    "id": "0055",
    "name": "objects_r1c7",
    "category": "objects",
    "position": {
      "row": 1,
      "col": 7
    },
    "source": "objects_tileset"
  },
  "0056": {
    "id": "0056",
    "name": "objects_r1c8",
    "category": "objects",
    "position": {
      "row": 1,
      "col": 8
    },
    "source": "objects_tileset"
  },
  "0057": {
    "id": "0057",
    "name": "objects_r1c9",
    "category": "objects",
    "position": {
      "row": 1,
      "col": 9
    },
    "source": "objects_tileset"
  },
  "0058": {
    "id": "0058",
    "name": "objects_r1c10",
    "category": "objects",
    "position": {
      "row": 1,
      "col": 10
    },
    "source": "objects_tileset"
  },
  "0059": {
    "id": "0059",
    "name": "objects_r1c11",
    "category": "objects",
    "position": {
      "row": 1,
      "col": 11
    },
    "source": "objects_tileset"
  },
  "0060": {
    "id": "0060",
    "name": "objects_r1c12",
    "category": "objects",
    "position": {
      "row": 1,
      "col": 12
    },
    "source": "objects_tileset"
  },
  "0061": {
    "id": "0061",
    "name": "objects_r1c13",
    "category": "objects",
    "position": {
      "row": 1,
      "col": 13
    },
    "source": "objects_tileset"
  },
  "0062": {
    "id": "0062",
    "name": "objects_r1c14",
    "category": "objects",
    "position": {
      "row": 1,
      "col": 14
    },
    "source": "objects_tileset"
  },
  "0063": {
    "id": "0063",
    "name": "objects_r1c15",
    "category": "objects",
    "position": {
      "row": 1,
      "col": 15
    },
    "source": "objects_tileset"
  },
  "0064": {
    "id": "0064",
    "name": "objects_r2c0",
    "category": "objects",
    "position": {
      "row": 2,
      "col": 0
    },
    "source": "objects_tileset"
  },
  "0065": {
    "id": "0065",
    "name": "objects_r2c1",
    "category": "objects",
    "position": {
      "row": 2,
      "col": 1
    },
    "source": "objects_tileset"
  },
  "0066": {
    "id": "0066",
    "name": "objects_r2c2",
    "category": "objects",
    "position": {
      "row": 2,
      "col": 2
    },
    "source": "objects_tileset"
  },
  "0067": {
    "id": "0067",
    "name": "objects_r2c3",
    "category": "objects",
    "position": {
      "row": 2,
      "col": 3
    },
    "source": "objects_tileset"
  },
  "0068": {
    "id": "0068",
    "name": "objects_r2c4",
    "category": "objects",
    "position": {
      "row": 2,
      "col": 4
    },
    "source": "objects_tileset"
  },
  "0069": {
    "id": "0069",
    "name": "objects_r2c5",
    "category": "objects",
    "position": {
      "row": 2,
      "col": 5
    },
    "source": "objects_tileset"
  },
  "0070": {
    "id": "0070",
    "name": "objects_r2c6",
    "category": "objects",
    "position": {
      "row": 2,
      "col": 6
    },
    "source": "objects_tileset"
  },
  "0071": {
    "id": "0071",
    "name": "objects_r2c7",
    "category": "objects",
    "position": {
      "row": 2,
      "col": 7
    },
    "source": "objects_tileset"
  },
  "0072": {
    "id": "0072",
    "name": "objects_r2c8",
    "category": "objects",
    "position": {
      "row": 2,
      "col": 8
    },
    "source": "objects_tileset"
  },
  "0073": {
    "id": "0073",
    "name": "objects_r2c9",
    "category": "objects",
    "position": {
      "row": 2,
      "col": 9
    },
    "source": "objects_tileset"
  },
  "0074": {
    "id": "0074",
    "name": "objects_r2c10",
    "category": "objects",
    "position": {
      "row": 2,
      "col": 10
    },
    "source": "objects_tileset"
  },
  "0075": {
    "id": "0075",
    "name": "objects_r2c11",
    "category": "objects",
    "position": {
      "row": 2,
      "col": 11
    },
    "source": "objects_tileset"
  },
  "0076": {
    "id": "0076",
    "name": "objects_r2c12",
    "category": "objects",
    "position": {
      "row": 2,
      "col": 12
    },
    "source": "objects_tileset"
  },
  "0077": {
    "id": "0077",
    "name": "objects_r2c13",
    "category": "objects",
    "position": {
      "row": 2,
      "col": 13
    },
    "source": "objects_tileset"
  },
  "0078": {
    "id": "0078",
    "name": "objects_r2c14",
    "category": "objects",
    "position": {
      "row": 2,
      "col": 14
    },
    "source": "objects_tileset"
  },
  "0079": {
    "id": "0079",
    "name": "objects_r2c15",
    "category": "objects",
    "position": {
      "row": 2,
      "col": 15
    },
    "source": "objects_tileset"
  },
  "0080": {
    "id": "0080",
    "name": "objects_r3c0",
    "category": "objects",
    "position": {
      "row": 3,
      "col": 0
    },
    "source": "objects_tileset"
  },
  "0081": {
    "id": "0081",
    "name": "objects_r3c1",
    "category": "objects",
    "position": {
      "row": 3,
      "col": 1
    },
    "source": "objects_tileset"
  },
  "0082": {
    "id": "0082",
    "name": "objects_r3c2",
    "category": "objects",
    "position": {
      "row": 3,
      "col": 2
    },
    "source": "objects_tileset"
  },
  "0083": {
    "id": "0083",
    "name": "objects_r3c3",
    "category": "objects",
    "position": {
      "row": 3,
      "col": 3
    },
    "source": "objects_tileset"
  },
  "0084": {
    "id": "0084",
    "name": "objects_r3c4",
    "category": "objects",
    "position": {
      "row": 3,
      "col": 4
    },
    "source": "objects_tileset"
  },
  "0085": {
    "id": "0085",
    "name": "objects_r3c5",
    "category": "objects",
    "position": {
      "row": 3,
      "col": 5
    },
    "source": "objects_tileset"
  },
  "0086": {
    "id": "0086",
    "name": "objects_r3c6",
    "category": "objects",
    "position": {
      "row": 3,
      "col": 6
    },
    "source": "objects_tileset"
  },
  "0087": {
    "id": "0087",
    "name": "objects_r3c7",
    "category": "objects",
    "position": {
      "row": 3,
      "col": 7
    },
    "source": "objects_tileset"
  },
  "0088": {
    "id": "0088",
    "name": "objects_r3c8",
    "category": "objects",
    "position": {
      "row": 3,
      "col": 8
    },
    "source": "objects_tileset"
  },
  "0089": {
    "id": "0089",
    "name": "objects_r3c9",
    "category": "objects",
    "position": {
      "row": 3,
      "col": 9
    },
    "source": "objects_tileset"
  },
  "0090": {
    "id": "0090",
    "name": "objects_r3c10",
    "category": "objects",
    "position": {
      "row": 3,
      "col": 10
    },
    "source": "objects_tileset"
  },
  "0091": {
    "id": "0091",
    "name": "objects_r3c11",
    "category": "objects",
    "position": {
      "row": 3,
      "col": 11
    },
    "source": "objects_tileset"
  },
  "0092": {
    "id": "0092",
    "name": "objects_r3c12",
    "category": "objects",
    "position": {
      "row": 3,
      "col": 12
    },
    "source": "objects_tileset"
  },
  "0093": {
    "id": "0093",
    "name": "objects_r3c13",
    "category": "objects",
    "position": {
      "row": 3,
      "col": 13
    },
    "source": "objects_tileset"
  },
  "0094": {
    "id": "0094",
    "name": "objects_r3c14",
    "category": "objects",
    "position": {
      "row": 3,
      "col": 14
    },
    "source": "objects_tileset"
  },
  "0095": {
    "id": "0095",
    "name": "objects_r3c15",
    "category": "objects",
    "position": {
      "row": 3,
      "col": 15
    },
    "source": "objects_tileset"
  },
  "0096": {
    "id": "0096",
    "name": "objects_r4c0",
    "category": "objects",
    "position": {
      "row": 4,
      "col": 0
    },
    "source": "objects_tileset"
  },
  "0097": {
    "id": "0097",
    "name": "objects_r4c1",
    "category": "objects",
    "position": {
      "row": 4,
      "col": 1
    },
    "source": "objects_tileset"
  },
  "0098": {
    "id": "0098",
    "name": "objects_r4c2",
    "category": "objects",
    "position": {
      "row": 4,
      "col": 2
    },
    "source": "objects_tileset"
  },
  "0099": {
    "id": "0099",
    "name": "objects_r4c3",
    "category": "objects",
    "position": {
      "row": 4,
      "col": 3
    },
    "source": "objects_tileset"
  },
  "0100": {
    "id": "0100",
    "name": "objects_r4c4",
    "category": "objects",
    "position": {
      "row": 4,
      "col": 4
    },
    "source": "objects_tileset"
  },
  "0101": {
    "id": "0101",
    "name": "objects_r4c5",
    "category": "objects",
    "position": {
      "row": 4,
      "col": 5
    },
    "source": "objects_tileset"
  },
  "0102": {
    "id": "0102",
    "name": "objects_r4c6",
    "category": "objects",
    "position": {
      "row": 4,
      "col": 6
    },
    "source": "objects_tileset"
  },
  "0103": {
    "id": "0103",
    "name": "objects_r4c7",
    "category": "objects",
    "position": {
      "row": 4,
      "col": 7
    },
    "source": "objects_tileset"
  },
  "0104": {
    "id": "0104",
    "name": "objects_r4c8",
    "category": "objects",
    "position": {
      "row": 4,
      "col": 8
    },
    "source": "objects_tileset"
  },
  "0105": {
    "id": "0105",
    "name": "objects_r4c9",
    "category": "objects",
    "position": {
      "row": 4,
      "col": 9
    },
    "source": "objects_tileset"
  },
  "0106": {
    "id": "0106",
    "name": "objects_r4c10",
    "category": "objects",
    "position": {
      "row": 4,
      "col": 10
    },
    "source": "objects_tileset"
  },
  "0107": {
    "id": "0107",
    "name": "objects_r4c11",
    "category": "objects",
    "position": {
      "row": 4,
      "col": 11
    },
    "source": "objects_tileset"
  },
  "0108": {
    "id": "0108",
    "name": "objects_r4c12",
    "category": "objects",
    "position": {
      "row": 4,
      "col": 12
    },
    "source": "objects_tileset"
  },
  "0109": {
    "id": "0109",
    "name": "objects_r4c13",
    "category": "objects",
    "position": {
      "row": 4,
      "col": 13
    },
    "source": "objects_tileset"
  },
  "0110": {
    "id": "0110",
    "name": "objects_r4c14",
    "category": "objects",
    "position": {
      "row": 4,
      "col": 14
    },
    "source": "objects_tileset"
  },
  "0111": {
    "id": "0111",
    "name": "objects_r4c15",
    "category": "objects",
    "position": {
      "row": 4,
      "col": 15
    },
    "source": "objects_tileset"
  },
  "0112": {
    "id": "0112",
    "name": "objects_r5c0",
    "category": "objects",
    "position": {
      "row": 5,
      "col": 0
    },
    "source": "objects_tileset"
  },
  "0113": {
    "id": "0113",
    "name": "objects_r5c1",
    "category": "objects",
    "position": {
      "row": 5,
      "col": 1
    },
    "source": "objects_tileset"
  },
  "0114": {
    "id": "0114",
    "name": "objects_r5c2",
    "category": "objects",
    "position": {
      "row": 5,
      "col": 2
    },
    "source": "objects_tileset"
  },
  "0115": {
    "id": "0115",
    "name": "objects_r5c3",
    "category": "objects",
    "position": {
      "row": 5,
      "col": 3
    },
    "source": "objects_tileset"
  },
  "0116": {
    "id": "0116",
    "name": "objects_r5c4",
    "category": "objects",
    "position": {
      "row": 5,
      "col": 4
    },
    "source": "objects_tileset"
  },
  "0117": {
    "id": "0117",
    "name": "objects_r5c5",
    "category": "objects",
    "position": {
      "row": 5,
      "col": 5
    },
    "source": "objects_tileset"
  },
  "0118": {
    "id": "0118",
    "name": "objects_r5c6",
    "category": "objects",
    "position": {
      "row": 5,
      "col": 6
    },
    "source": "objects_tileset"
  },
  "0119": {
    "id": "0119",
    "name": "objects_r5c7",
    "category": "objects",
    "position": {
      "row": 5,
      "col": 7
    },
    "source": "objects_tileset"
  },
  "0120": {
    "id": "0120",
    "name": "objects_r5c8",
    "category": "objects",
    "position": {
      "row": 5,
      "col": 8
    },
    "source": "objects_tileset"
  },
  "0121": {
    "id": "0121",
    "name": "objects_r5c9",
    "category": "objects",
    "position": {
      "row": 5,
      "col": 9
    },
    "source": "objects_tileset"
  },
  "0122": {
    "id": "0122",
    "name": "objects_r5c10",
    "category": "objects",
    "position": {
      "row": 5,
      "col": 10
    },
    "source": "objects_tileset"
  },
  "0123": {
    "id": "0123",
    "name": "objects_r5c11",
    "category": "objects",
    "position": {
      "row": 5,
      "col": 11
    },
    "source": "objects_tileset"
  },
  "0124": {
    "id": "0124",
    "name": "objects_r5c12",
    "category": "objects",
    "position": {
      "row": 5,
      "col": 12
    },
    "source": "objects_tileset"
  },
  "0125": {
    "id": "0125",
    "name": "objects_r5c13",
    "category": "objects",
    "position": {
      "row": 5,
      "col": 13
    },
    "source": "objects_tileset"
  },
  "0126": {
    "id": "0126",
    "name": "objects_r5c14",
    "category": "objects",
    "position": {
      "row": 5,
      "col": 14
    },
    "source": "objects_tileset"
  },
  "0127": {
    "id": "0127",
    "name": "objects_r5c15",
    "category": "objects",
    "position": {
      "row": 5,
      "col": 15
    },
    "source": "objects_tileset"
  },
  "0128": {
    "id": "0128",
    "name": "objects_r6c0",
    "category": "objects",
    "position": {
      "row": 6,
      "col": 0
    },
    "source": "objects_tileset"
  },
  "0129": {
    "id": "0129",
    "name": "objects_r6c1",
    "category": "objects",
    "position": {
      "row": 6,
      "col": 1
    },
    "source": "objects_tileset"
  },
  "0130": {
    "id": "0130",
    "name": "objects_r6c2",
    "category": "objects",
    "position": {
      "row": 6,
      "col": 2
    },
    "source": "objects_tileset"
  },
  "0131": {
    "id": "0131",
    "name": "objects_r6c3",
    "category": "objects",
    "position": {
      "row": 6,
      "col": 3
    },
    "source": "objects_tileset"
  },
  "0132": {
    "id": "0132",
    "name": "objects_r6c4",
    "category": "objects",
    "position": {
      "row": 6,
      "col": 4
    },
    "source": "objects_tileset"
  },
  "0133": {
    "id": "0133",
    "name": "objects_r6c5",
    "category": "objects",
    "position": {
      "row": 6,
      "col": 5
    },
    "source": "objects_tileset"
  },
  "0134": {
    "id": "0134",
    "name": "objects_r6c6",
    "category": "objects",
    "position": {
      "row": 6,
      "col": 6
    },
    "source": "objects_tileset"
  },
  "0135": {
    "id": "0135",
    "name": "objects_r6c7",
    "category": "objects",
    "position": {
      "row": 6,
      "col": 7
    },
    "source": "objects_tileset"
  },
  "0136": {
    "id": "0136",
    "name": "objects_r6c8",
    "category": "objects",
    "position": {
      "row": 6,
      "col": 8
    },
    "source": "objects_tileset"
  },
  "0137": {
    "id": "0137",
    "name": "objects_r6c9",
    "category": "objects",
    "position": {
      "row": 6,
      "col": 9
    },
    "source": "objects_tileset"
  },
  "0138": {
    "id": "0138",
    "name": "objects_r6c10",
    "category": "objects",
    "position": {
      "row": 6,
      "col": 10
    },
    "source": "objects_tileset"
  },
  "0139": {
    "id": "0139",
    "name": "objects_r6c11",
    "category": "objects",
    "position": {
      "row": 6,
      "col": 11
    },
    "source": "objects_tileset"
  },
  "0140": {
    "id": "0140",
    "name": "objects_r6c12",
    "category": "objects",
    "position": {
      "row": 6,
      "col": 12
    },
    "source": "objects_tileset"
  },
  "0141": {
    "id": "0141",
    "name": "objects_r6c13",
    "category": "objects",
    "position": {
      "row": 6,
      "col": 13
    },
    "source": "objects_tileset"
  },
  "0142": {
    "id": "0142",
    "name": "objects_r6c14",
    "category": "objects",
    "position": {
      "row": 6,
      "col": 14
    },
    "source": "objects_tileset"
  },
  "0143": {
    "id": "0143",
    "name": "objects_r6c15",
    "category": "objects",
    "position": {
      "row": 6,
      "col": 15
    },
    "source": "objects_tileset"
  },
  "0144": {
    "id": "0144",
    "name": "objects_r7c0",
    "category": "objects",
    "position": {
      "row": 7,
      "col": 0
    },
    "source": "objects_tileset"
  },
  "0145": {
    "id": "0145",
    "name": "objects_r7c1",
    "category": "objects",
    "position": {
      "row": 7,
      "col": 1
    },
    "source": "objects_tileset"
  },
  "0146": {
    "id": "0146",
    "name": "objects_r7c2",
    "category": "objects",
    "position": {
      "row": 7,
      "col": 2
    },
    "source": "objects_tileset"
  },
  "0147": {
    "id": "0147",
    "name": "objects_r7c3",
    "category": "objects",
    "position": {
      "row": 7,
      "col": 3
    },
    "source": "objects_tileset"
  },
  "0148": {
    "id": "0148",
    "name": "objects_r7c4",
    "category": "objects",
    "position": {
      "row": 7,
      "col": 4
    },
    "source": "objects_tileset"
  },
  "0149": {
    "id": "0149",
    "name": "objects_r7c5",
    "category": "objects",
    "position": {
      "row": 7,
      "col": 5
    },
    "source": "objects_tileset"
  },
  "0150": {
    "id": "0150",
    "name": "objects_r7c6",
    "category": "objects",
    "position": {
      "row": 7,
      "col": 6
    },
    "source": "objects_tileset"
  },
  "0151": {
    "id": "0151",
    "name": "objects_r7c7",
    "category": "objects",
    "position": {
      "row": 7,
      "col": 7
    },
    "source": "objects_tileset"
  },
  "0152": {
    "id": "0152",
    "name": "objects_r7c8",
    "category": "objects",
    "position": {
      "row": 7,
      "col": 8
    },
    "source": "objects_tileset"
  },
  "0153": {
    "id": "0153",
    "name": "objects_r7c9",
    "category": "objects",
    "position": {
      "row": 7,
      "col": 9
    },
    "source": "objects_tileset"
  },
  "0154": {
    "id": "0154",
    "name": "objects_r7c10",
    "category": "objects",
    "position": {
      "row": 7,
      "col": 10
    },
    "source": "objects_tileset"
  },
  "0155": {
    "id": "0155",
    "name": "objects_r7c11",
    "category": "objects",
    "position": {
      "row": 7,
      "col": 11
    },
    "source": "objects_tileset"
  },
  "0156": {
    "id": "0156",
    "name": "objects_r7c12",
    "category": "objects",
    "position": {
      "row": 7,
      "col": 12
    },
    "source": "objects_tileset"
  },
  "0157": {
    "id": "0157",
    "name": "objects_r7c13",
    "category": "objects",
    "position": {
      "row": 7,
      "col": 13
    },
    "source": "objects_tileset"
  },
  "0158": {
    "id": "0158",
    "name": "objects_r7c14",
    "category": "objects",
    "position": {
      "row": 7,
      "col": 14
    },
    "source": "objects_tileset"
  },
  "0159": {
    "id": "0159",
    "name": "objects_r7c15",
    "category": "objects",
    "position": {
      "row": 7,
      "col": 15
    },
    "source": "objects_tileset"
  },
  "0160": {
    "id": "0160",
    "name": "objects_r8c0",
    "category": "objects",
    "position": {
      "row": 8,
      "col": 0
    },
    "source": "objects_tileset"
  },
  "0161": {
    "id": "0161",
    "name": "objects_r8c1",
    "category": "objects",
    "position": {
      "row": 8,
      "col": 1
    },
    "source": "objects_tileset"
  },
  "0162": {
    "id": "0162",
    "name": "objects_r8c2",
    "category": "objects",
    "position": {
      "row": 8,
      "col": 2
    },
    "source": "objects_tileset"
  },
  "0163": {
    "id": "0163",
    "name": "objects_r8c3",
    "category": "objects",
    "position": {
      "row": 8,
      "col": 3
    },
    "source": "objects_tileset"
  },
  "0164": {
    "id": "0164",
    "name": "objects_r8c4",
    "category": "objects",
    "position": {
      "row": 8,
      "col": 4
    },
    "source": "objects_tileset"
  },
  "0165": {
    "id": "0165",
    "name": "objects_r8c5",
    "category": "objects",
    "position": {
      "row": 8,
      "col": 5
    },
    "source": "objects_tileset"
  },
  "0166": {
    "id": "0166",
    "name": "objects_r8c6",
    "category": "objects",
    "position": {
      "row": 8,
      "col": 6
    },
    "source": "objects_tileset"
  },
  "0167": {
    "id": "0167",
    "name": "objects_r8c7",
    "category": "objects",
    "position": {
      "row": 8,
      "col": 7
    },
    "source": "objects_tileset"
  },
  "0168": {
    "id": "0168",
    "name": "objects_r8c8",
    "category": "objects",
    "position": {
      "row": 8,
      "col": 8
    },
    "source": "objects_tileset"
  },
  "0169": {
    "id": "0169",
    "name": "objects_r8c9",
    "category": "objects",
    "position": {
      "row": 8,
      "col": 9
    },
    "source": "objects_tileset"
  },
  "0170": {
    "id": "0170",
    "name": "objects_r8c10",
    "category": "objects",
    "position": {
      "row": 8,
      "col": 10
    },
    "source": "objects_tileset"
  },
  "0171": {
    "id": "0171",
    "name": "objects_r8c11",
    "category": "objects",
    "position": {
      "row": 8,
      "col": 11
    },
    "source": "objects_tileset"
  },
  "0172": {
    "id": "0172",
    "name": "objects_r8c12",
    "category": "objects",
    "position": {
      "row": 8,
      "col": 12
    },
    "source": "objects_tileset"
  },
  "0173": {
    "id": "0173",
    "name": "objects_r8c13",
    "category": "objects",
    "position": {
      "row": 8,
      "col": 13
    },
    "source": "objects_tileset"
  },
  "0174": {
    "id": "0174",
    "name": "objects_r8c14",
    "category": "objects",
    "position": {
      "row": 8,
      "col": 14
    },
    "source": "objects_tileset"
  },
  "0175": {
    "id": "0175",
    "name": "objects_r8c15",
    "category": "objects",
    "position": {
      "row": 8,
      "col": 15
    },
    "source": "objects_tileset"
  },
  "0176": {
    "id": "0176",
    "name": "objects_r9c0",
    "category": "objects",
    "position": {
      "row": 9,
      "col": 0
    },
    "source": "objects_tileset"
  },
  "0177": {
    "id": "0177",
    "name": "objects_r9c1",
    "category": "objects",
    "position": {
      "row": 9,
      "col": 1
    },
    "source": "objects_tileset"
  },
  "0178": {
    "id": "0178",
    "name": "objects_r9c2",
    "category": "objects",
    "position": {
      "row": 9,
      "col": 2
    },
    "source": "objects_tileset"
  },
  "0179": {
    "id": "0179",
    "name": "objects_r9c3",
    "category": "objects",
    "position": {
      "row": 9,
      "col": 3
    },
    "source": "objects_tileset"
  },
  "0180": {
    "id": "0180",
    "name": "objects_r9c4",
    "category": "objects",
    "position": {
      "row": 9,
      "col": 4
    },
    "source": "objects_tileset"
  },
  "0181": {
    "id": "0181",
    "name": "objects_r9c5",
    "category": "objects",
    "position": {
      "row": 9,
      "col": 5
    },
    "source": "objects_tileset"
  },
  "0182": {
    "id": "0182",
    "name": "objects_r9c6",
    "category": "objects",
    "position": {
      "row": 9,
      "col": 6
    },
    "source": "objects_tileset"
  },
  "0183": {
    "id": "0183",
    "name": "objects_r9c7",
    "category": "objects",
    "position": {
      "row": 9,
      "col": 7
    },
    "source": "objects_tileset"
  },
  "0184": {
    "id": "0184",
    "name": "objects_r9c8",
    "category": "objects",
    "position": {
      "row": 9,
      "col": 8
    },
    "source": "objects_tileset"
  },
  "0185": {
    "id": "0185",
    "name": "objects_r9c9",
    "category": "objects",
    "position": {
      "row": 9,
      "col": 9
    },
    "source": "objects_tileset"
  },
  "0186": {
    "id": "0186",
    "name": "objects_r9c10",
    "category": "objects",
    "position": {
      "row": 9,
      "col": 10
    },
    "source": "objects_tileset"
  },
  "0187": {
    "id": "0187",
    "name": "objects_r9c11",
    "category": "objects",
    "position": {
      "row": 9,
      "col": 11
    },
    "source": "objects_tileset"
  },
  "0188": {
    "id": "0188",
    "name": "objects_r9c12",
    "category": "objects",
    "position": {
      "row": 9,
      "col": 12
    },
    "source": "objects_tileset"
  },
  "0189": {
    "id": "0189",
    "name": "objects_r9c13",
    "category": "objects",
    "position": {
      "row": 9,
      "col": 13
    },
    "source": "objects_tileset"
  },
  "0190": {
    "id": "0190",
    "name": "objects_r9c14",
    "category": "objects",
    "position": {
      "row": 9,
      "col": 14
    },
    "source": "objects_tileset"
  },
  "0191": {
    "id": "0191",
    "name": "objects_r9c15",
    "category": "objects",
    "position": {
      "row": 9,
      "col": 15
    },
    "source": "objects_tileset"
  },
  "0192": {
    "id": "0192",
    "name": "objects_r10c0",
    "category": "objects",
    "position": {
      "row": 10,
      "col": 0
    },
    "source": "objects_tileset"
  },
  "0193": {
    "id": "0193",
    "name": "objects_r10c1",
    "category": "objects",
    "position": {
      "row": 10,
      "col": 1
    },
    "source": "objects_tileset"
  },
  "0194": {
    "id": "0194",
    "name": "objects_r10c2",
    "category": "objects",
    "position": {
      "row": 10,
      "col": 2
    },
    "source": "objects_tileset"
  },
  "0195": {
    "id": "0195",
    "name": "objects_r10c3",
    "category": "objects",
    "position": {
      "row": 10,
      "col": 3
    },
    "source": "objects_tileset"
  },
  "0196": {
    "id": "0196",
    "name": "objects_r10c4",
    "category": "objects",
    "position": {
      "row": 10,
      "col": 4
    },
    "source": "objects_tileset"
  },
  "0197": {
    "id": "0197",
    "name": "objects_r10c5",
    "category": "objects",
    "position": {
      "row": 10,
      "col": 5
    },
    "source": "objects_tileset"
  },
  "0198": {
    "id": "0198",
    "name": "objects_r10c6",
    "category": "objects",
    "position": {
      "row": 10,
      "col": 6
    },
    "source": "objects_tileset"
  },
  "0199": {
    "id": "0199",
    "name": "objects_r10c7",
    "category": "objects",
    "position": {
      "row": 10,
      "col": 7
    },
    "source": "objects_tileset"
  },
  "0200": {
    "id": "0200",
    "name": "objects_r10c8",
    "category": "objects",
    "position": {
      "row": 10,
      "col": 8
    },
    "source": "objects_tileset"
  },
  "0201": {
    "id": "0201",
    "name": "objects_r10c9",
    "category": "objects",
    "position": {
      "row": 10,
      "col": 9
    },
    "source": "objects_tileset"
  },
  "0202": {
    "id": "0202",
    "name": "objects_r10c10",
    "category": "objects",
    "position": {
      "row": 10,
      "col": 10
    },
    "source": "objects_tileset"
  },
  "0203": {
    "id": "0203",
    "name": "objects_r10c11",
    "category": "objects",
    "position": {
      "row": 10,
      "col": 11
    },
    "source": "objects_tileset"
  },
  "0204": {
    "id": "0204",
    "name": "objects_r10c12",
    "category": "objects",
    "position": {
      "row": 10,
      "col": 12
    },
    "source": "objects_tileset"
  },
  "0205": {
    "id": "0205",
    "name": "objects_r10c13",
    "category": "objects",
    "position": {
      "row": 10,
      "col": 13
    },
    "source": "objects_tileset"
  },
  "0206": {
    "id": "0206",
    "name": "objects_r10c14",
    "category": "objects",
    "position": {
      "row": 10,
      "col": 14
    },
    "source": "objects_tileset"
  },
  "0207": {
    "id": "0207",
    "name": "objects_r10c15",
    "category": "objects",
    "position": {
      "row": 10,
      "col": 15
    },
    "source": "objects_tileset"
  },
  "0208": {
    "id": "0208",
    "name": "objects_r11c0",
    "category": "objects",
    "position": {
      "row": 11,
      "col": 0
    },
    "source": "objects_tileset"
  },
  "0209": {
    "id": "0209",
    "name": "objects_r11c1",
    "category": "objects",
    "position": {
      "row": 11,
      "col": 1
    },
    "source": "objects_tileset"
  },
  "0210": {
    "id": "0210",
    "name": "objects_r11c2",
    "category": "objects",
    "position": {
      "row": 11,
      "col": 2
    },
    "source": "objects_tileset"
  },
  "0211": {
    "id": "0211",
    "name": "objects_r11c3",
    "category": "objects",
    "position": {
      "row": 11,
      "col": 3
    },
    "source": "objects_tileset"
  },
  "0212": {
    "id": "0212",
    "name": "objects_r11c4",
    "category": "objects",
    "position": {
      "row": 11,
      "col": 4
    },
    "source": "objects_tileset"
  },
  "0213": {
    "id": "0213",
    "name": "objects_r11c5",
    "category": "objects",
    "position": {
      "row": 11,
      "col": 5
    },
    "source": "objects_tileset"
  },
  "0214": {
    "id": "0214",
    "name": "objects_r11c6",
    "category": "objects",
    "position": {
      "row": 11,
      "col": 6
    },
    "source": "objects_tileset"
  },
  "0215": {
    "id": "0215",
    "name": "objects_r11c7",
    "category": "objects",
    "position": {
      "row": 11,
      "col": 7
    },
    "source": "objects_tileset"
  },
  "0216": {
    "id": "0216",
    "name": "objects_r11c8",
    "category": "objects",
    "position": {
      "row": 11,
      "col": 8
    },
    "source": "objects_tileset"
  },
  "0217": {
    "id": "0217",
    "name": "objects_r11c9",
    "category": "objects",
    "position": {
      "row": 11,
      "col": 9
    },
    "source": "objects_tileset"
  },
  "0218": {
    "id": "0218",
    "name": "objects_r11c10",
    "category": "objects",
    "position": {
      "row": 11,
      "col": 10
    },
    "source": "objects_tileset"
  },
  "0219": {
    "id": "0219",
    "name": "objects_r11c11",
    "category": "objects",
    "position": {
      "row": 11,
      "col": 11
    },
    "source": "objects_tileset"
  },
  "0220": {
    "id": "0220",
    "name": "objects_r11c12",
    "category": "objects",
    "position": {
      "row": 11,
      "col": 12
    },
    "source": "objects_tileset"
  },
  "0221": {
    "id": "0221",
    "name": "objects_r11c13",
    "category": "objects",
    "position": {
      "row": 11,
      "col": 13
    },
    "source": "objects_tileset"
  },
  "0222": {
    "id": "0222",
    "name": "objects_r11c14",
    "category": "objects",
    "position": {
      "row": 11,
      "col": 14
    },
    "source": "objects_tileset"
  },
  "0223": {
    "id": "0223",
    "name": "objects_r11c15",
    "category": "objects",
    "position": {
      "row": 11,
      "col": 15
    },
    "source": "objects_tileset"
  },
  "0224": {
    "id": "0224",
    "name": "objects_r12c0",
    "category": "objects",
    "position": {
      "row": 12,
      "col": 0
    },
    "source": "objects_tileset"
  },
  "0225": {
    "id": "0225",
    "name": "objects_r12c1",
    "category": "objects",
    "position": {
      "row": 12,
      "col": 1
    },
    "source": "objects_tileset"
  },
  "0226": {
    "id": "0226",
    "name": "objects_r12c2",
    "category": "objects",
    "position": {
      "row": 12,
      "col": 2
    },
    "source": "objects_tileset"
  },
  "0227": {
    "id": "0227",
    "name": "objects_r12c3",
    "category": "objects",
    "position": {
      "row": 12,
      "col": 3
    },
    "source": "objects_tileset"
  },
  "0228": {
    "id": "0228",
    "name": "objects_r12c4",
    "category": "objects",
    "position": {
      "row": 12,
      "col": 4
    },
    "source": "objects_tileset"
  },
  "0229": {
    "id": "0229",
    "name": "objects_r12c5",
    "category": "objects",
    "position": {
      "row": 12,
      "col": 5
    },
    "source": "objects_tileset"
  },
  "0230": {
    "id": "0230",
    "name": "objects_r12c6",
    "category": "objects",
    "position": {
      "row": 12,
      "col": 6
    },
    "source": "objects_tileset"
  },
  "0231": {
    "id": "0231",
    "name": "objects_r12c7",
    "category": "objects",
    "position": {
      "row": 12,
      "col": 7
    },
    "source": "objects_tileset"
  },
  "0232": {
    "id": "0232",
    "name": "objects_r12c8",
    "category": "objects",
    "position": {
      "row": 12,
      "col": 8
    },
    "source": "objects_tileset"
  },
  "0233": {
    "id": "0233",
    "name": "objects_r12c9",
    "category": "objects",
    "position": {
      "row": 12,
      "col": 9
    },
    "source": "objects_tileset"
  },
  "0234": {
    "id": "0234",
    "name": "objects_r12c10",
    "category": "objects",
    "position": {
      "row": 12,
      "col": 10
    },
    "source": "objects_tileset"
  },
  "0235": {
    "id": "0235",
    "name": "objects_r12c11",
    "category": "objects",
    "position": {
      "row": 12,
      "col": 11
    },
    "source": "objects_tileset"
  },
  "0236": {
    "id": "0236",
    "name": "objects_r12c12",
    "category": "objects",
    "position": {
      "row": 12,
      "col": 12
    },
    "source": "objects_tileset"
  },
  "0237": {
    "id": "0237",
    "name": "objects_r12c13",
    "category": "objects",
    "position": {
      "row": 12,
      "col": 13
    },
    "source": "objects_tileset"
  },
  "0238": {
    "id": "0238",
    "name": "objects_r12c14",
    "category": "objects",
    "position": {
      "row": 12,
      "col": 14
    },
    "source": "objects_tileset"
  },
  "0239": {
    "id": "0239",
    "name": "objects_r12c15",
    "category": "objects",
    "position": {
      "row": 12,
      "col": 15
    },
    "source": "objects_tileset"
  },
  "0240": {
    "id": "0240",
    "name": "objects_r13c0",
    "category": "objects",
    "position": {
      "row": 13,
      "col": 0
    },
    "source": "objects_tileset"
  },
  "0241": {
    "id": "0241",
    "name": "objects_r13c1",
    "category": "objects",
    "position": {
      "row": 13,
      "col": 1
    },
    "source": "objects_tileset"
  },
  "0242": {
    "id": "0242",
    "name": "objects_r13c2",
    "category": "objects",
    "position": {
      "row": 13,
      "col": 2
    },
    "source": "objects_tileset"
  },
  "0243": {
    "id": "0243",
    "name": "objects_r13c3",
    "category": "objects",
    "position": {
      "row": 13,
      "col": 3
    },
    "source": "objects_tileset"
  },
  "0244": {
    "id": "0244",
    "name": "objects_r13c4",
    "category": "objects",
    "position": {
      "row": 13,
      "col": 4
    },
    "source": "objects_tileset"
  },
  "0245": {
    "id": "0245",
    "name": "objects_r13c5",
    "category": "objects",
    "position": {
      "row": 13,
      "col": 5
    },
    "source": "objects_tileset"
  },
  "0246": {
    "id": "0246",
    "name": "objects_r13c6",
    "category": "objects",
    "position": {
      "row": 13,
      "col": 6
    },
    "source": "objects_tileset"
  },
  "0247": {
    "id": "0247",
    "name": "objects_r13c7",
    "category": "objects",
    "position": {
      "row": 13,
      "col": 7
    },
    "source": "objects_tileset"
  },
  "0248": {
    "id": "0248",
    "name": "objects_r13c8",
    "category": "objects",
    "position": {
      "row": 13,
      "col": 8
    },
    "source": "objects_tileset"
  },
  "0249": {
    "id": "0249",
    "name": "objects_r13c9",
    "category": "objects",
    "position": {
      "row": 13,
      "col": 9
    },
    "source": "objects_tileset"
  },
  "0250": {
    "id": "0250",
    "name": "objects_r13c10",
    "category": "objects",
    "position": {
      "row": 13,
      "col": 10
    },
    "source": "objects_tileset"
  },
  "0251": {
    "id": "0251",
    "name": "objects_r13c11",
    "category": "objects",
    "position": {
      "row": 13,
      "col": 11
    },
    "source": "objects_tileset"
  },
  "0252": {
    "id": "0252",
    "name": "objects_r13c12",
    "category": "objects",
    "position": {
      "row": 13,
      "col": 12
    },
    "source": "objects_tileset"
  },
  "0253": {
    "id": "0253",
    "name": "objects_r13c13",
    "category": "objects",
    "position": {
      "row": 13,
      "col": 13
    },
    "source": "objects_tileset"
  },
  "0254": {
    "id": "0254",
    "name": "objects_r13c14",
    "category": "objects",
    "position": {
      "row": 13,
      "col": 14
    },
    "source": "objects_tileset"
  },
  "0255": {
    "id": "0255",
    "name": "objects_r13c15",
    "category": "objects",
    "position": {
      "row": 13,
      "col": 15
    },
    "source": "objects_tileset"
  },
  "0256": {
    "id": "0256",
    "name": "objects_r14c0",
    "category": "objects",
    "position": {
      "row": 14,
      "col": 0
    },
    "source": "objects_tileset"
  },
  "0257": {
    "id": "0257",
    "name": "objects_r14c1",
    "category": "objects",
    "position": {
      "row": 14,
      "col": 1
    },
    "source": "objects_tileset"
  },
  "0258": {
    "id": "0258",
    "name": "objects_r14c2",
    "category": "objects",
    "position": {
      "row": 14,
      "col": 2
    },
    "source": "objects_tileset"
  },
  "0259": {
    "id": "0259",
    "name": "objects_r14c3",
    "category": "objects",
    "position": {
      "row": 14,
      "col": 3
    },
    "source": "objects_tileset"
  },
  "0260": {
    "id": "0260",
    "name": "objects_r14c4",
    "category": "objects",
    "position": {
      "row": 14,
      "col": 4
    },
    "source": "objects_tileset"
  },
  "0261": {
    "id": "0261",
    "name": "objects_r14c5",
    "category": "objects",
    "position": {
      "row": 14,
      "col": 5
    },
    "source": "objects_tileset"
  },
  "0262": {
    "id": "0262",
    "name": "objects_r14c6",
    "category": "objects",
    "position": {
      "row": 14,
      "col": 6
    },
    "source": "objects_tileset"
  },
  "0263": {
    "id": "0263",
    "name": "objects_r14c7",
    "category": "objects",
    "position": {
      "row": 14,
      "col": 7
    },
    "source": "objects_tileset"
  },
  "0264": {
    "id": "0264",
    "name": "objects_r14c8",
    "category": "objects",
    "position": {
      "row": 14,
      "col": 8
    },
    "source": "objects_tileset"
  },
  "0265": {
    "id": "0265",
    "name": "objects_r14c9",
    "category": "objects",
    "position": {
      "row": 14,
      "col": 9
    },
    "source": "objects_tileset"
  },
  "0266": {
    "id": "0266",
    "name": "objects_r14c10",
    "category": "objects",
    "position": {
      "row": 14,
      "col": 10
    },
    "source": "objects_tileset"
  },
  "0267": {
    "id": "0267",
    "name": "objects_r14c11",
    "category": "objects",
    "position": {
      "row": 14,
      "col": 11
    },
    "source": "objects_tileset"
  },
  "0268": {
    "id": "0268",
    "name": "objects_r14c12",
    "category": "objects",
    "position": {
      "row": 14,
      "col": 12
    },
    "source": "objects_tileset"
  },
  "0269": {
    "id": "0269",
    "name": "objects_r14c13",
    "category": "objects",
    "position": {
      "row": 14,
      "col": 13
    },
    "source": "objects_tileset"
  },
  "0270": {
    "id": "0270",
    "name": "objects_r14c14",
    "category": "objects",
    "position": {
      "row": 14,
      "col": 14
    },
    "source": "objects_tileset"
  },
  "0271": {
    "id": "0271",
    "name": "objects_r14c15",
    "category": "objects",
    "position": {
      "row": 14,
      "col": 15
    },
    "source": "objects_tileset"
  },
  "0272": {
    "id": "0272",
    "name": "objects_r15c0",
    "category": "objects",
    "position": {
      "row": 15,
      "col": 0
    },
    "source": "objects_tileset"
  },
  "0273": {
    "id": "0273",
    "name": "objects_r15c1",
    "category": "objects",
    "position": {
      "row": 15,
      "col": 1
    },
    "source": "objects_tileset"
  },
  "0274": {
    "id": "0274",
    "name": "objects_r15c2",
    "category": "objects",
    "position": {
      "row": 15,
      "col": 2
    },
    "source": "objects_tileset"
  },
  "0275": {
    "id": "0275",
    "name": "objects_r15c3",
    "category": "objects",
    "position": {
      "row": 15,
      "col": 3
    },
    "source": "objects_tileset"
  },
  "0276": {
    "id": "0276",
    "name": "objects_r15c4",
    "category": "objects",
    "position": {
      "row": 15,
      "col": 4
    },
    "source": "objects_tileset"
  },
  "0277": {
    "id": "0277",
    "name": "objects_r15c5",
    "category": "objects",
    "position": {
      "row": 15,
      "col": 5
    },
    "source": "objects_tileset"
  },
  "0278": {
    "id": "0278",
    "name": "objects_r15c6",
    "category": "objects",
    "position": {
      "row": 15,
      "col": 6
    },
    "source": "objects_tileset"
  },
  "0279": {
    "id": "0279",
    "name": "objects_r15c7",
    "category": "objects",
    "position": {
      "row": 15,
      "col": 7
    },
    "source": "objects_tileset"
  },
  "0280": {
    "id": "0280",
    "name": "objects_r15c8",
    "category": "objects",
    "position": {
      "row": 15,
      "col": 8
    },
    "source": "objects_tileset"
  },
  "0281": {
    "id": "0281",
    "name": "objects_r15c9",
    "category": "objects",
    "position": {
      "row": 15,
      "col": 9
    },
    "source": "objects_tileset"
  },
  "0282": {
    "id": "0282",
    "name": "objects_r15c10",
    "category": "objects",
    "position": {
      "row": 15,
      "col": 10
    },
    "source": "objects_tileset"
  },
  "0283": {
    "id": "0283",
    "name": "objects_r15c11",
    "category": "objects",
    "position": {
      "row": 15,
      "col": 11
    },
    "source": "objects_tileset"
  },
  "0284": {
    "id": "0284",
    "name": "objects_r15c12",
    "category": "objects",
    "position": {
      "row": 15,
      "col": 12
    },
    "source": "objects_tileset"
  },
  "0285": {
    "id": "0285",
    "name": "objects_r15c13",
    "category": "objects",
    "position": {
      "row": 15,
      "col": 13
    },
    "source": "objects_tileset"
  },
  "0286": {
    "id": "0286",
    "name": "objects_r15c14",
    "category": "objects",
    "position": {
      "row": 15,
      "col": 14
    },
    "source": "objects_tileset"
  },
  "0287": {
    "id": "0287",
    "name": "objects_r15c15",
    "category": "objects",
    "position": {
      "row": 15,
      "col": 15
    },
    "source": "objects_tileset"
  },
  "0288": {
    "id": "0288",
    "name": "water_anim1",
    "category": "water",
    "position": {
      "row": 0,
      "col": 0
    },
    "source": "water_tileset"
  },
  "0289": {
    "id": "0289",
    "name": "water_anim2",
    "category": "water",
    "position": {
      "row": 0,
      "col": 1
    },
    "source": "water_tileset"
  },
  "0290": {
    "id": "0290",
    "name": "water_anim3",
    "category": "water",
    "position": {
      "row": 0,
      "col": 2
    },
    "source": "water_tileset"
  },
  "0291": {
    "id": "0291",
    "name": "water_anim4",
    "category": "water",
    "position": {
      "row": 0,
      "col": 3
    },
    "source": "water_tileset"
  },
  "0292": {
    "id": "0292",
    "name": "shore_left",
    "category": "water",
    "position": {
      "row": 0,
      "col": 4
    },
    "source": "water_tileset"
  },
  "0293": {
    "id": "0293",
    "name": "shore_right",
    "category": "water",
    "position": {
      "row": 0,
      "col": 5
    },
    "source": "water_tileset"
  },
  "0294": {
    "id": "0294",
    "name": "shore_top",
    "category": "water",
    "position": {
      "row": 0,
      "col": 6
    },
    "source": "water_tileset"
  },
  "0295": {
    "id": "0295",
    "name": "shore_bottom",
    "category": "water",
    "position": {
      "row": 0,
      "col": 7
    },
    "source": "water_tileset"
  },
  "0296": {
    "id": "0296",
    "name": "water_r1c0",
    "category": "water",
    "position": {
      "row": 1,
      "col": 0
    },
    "source": "water_tileset"
  },
  "0297": {
    "id": "0297",
    "name": "water_r1c1",
    "category": "water",
    "position": {
      "row": 1,
      "col": 1
    },
    "source": "water_tileset"
  },
  "0298": {
    "id": "0298",
    "name": "water_r1c2",
    "category": "water",
    "position": {
      "row": 1,
      "col": 2
    },
    "source": "water_tileset"
  },
  "0299": {
    "id": "0299",
    "name": "water_r1c3",
    "category": "water",
    "position": {
      "row": 1,
      "col": 3
    },
    "source": "water_tileset"
  },
  "0300": {
    "id": "0300",
    "name": "water_r1c4",
    "category": "water",
    "position": {
      "row": 1,
      "col": 4
    },
    "source": "water_tileset"
  },
  "0301": {
    "id": "0301",
    "name": "water_r1c5",
    "category": "water",
    "position": {
      "row": 1,
      "col": 5
    },
    "source": "water_tileset"
  },
  "0302": {
    "id": "0302",
    "name": "water_r1c6",
    "category": "water",
    "position": {
      "row": 1,
      "col": 6
    },
    "source": "water_tileset"
  },
  "0303": {
    "id": "0303",
    "name": "water_r1c7",
    "category": "water",
    "position": {
      "row": 1,
      "col": 7
    },
    "source": "water_tileset"
  },
  "0304": {
    "id": "0304",
    "name": "water_r2c0",
    "category": "water",
    "position": {
      "row": 2,
      "col": 0
    },
    "source": "water_tileset"
  },
  "0305": {
    "id": "0305",
    "name": "water_r2c1",
    "category": "water",
    "position": {
      "row": 2,
      "col": 1
    },
    "source": "water_tileset"
  },
  "0306": {
    "id": "0306",
    "name": "water_r2c2",
    "category": "water",
    "position": {
      "row": 2,
      "col": 2
    },
    "source": "water_tileset"
  },
  "0307": {
    "id": "0307",
    "name": "water_r2c3",
    "category": "water",
    "position": {
      "row": 2,
      "col": 3
    },
    "source": "water_tileset"
  },
  "0308": {
    "id": "0308",
    "name": "water_r2c4",
    "category": "water",
    "position": {
      "row": 2,
      "col": 4
    },
    "source": "water_tileset"
  },
  "0309": {
    "id": "0309",
    "name": "water_r2c5",
    "category": "water",
    "position": {
      "row": 2,
      "col": 5
    },
    "source": "water_tileset"
  },
  "0310": {
    "id": "0310",
    "name": "water_r2c6",
    "category": "water",
    "position": {
      "row": 2,
      "col": 6
    },
    "source": "water_tileset"
  },
  "0311": {
    "id": "0311",
    "name": "water_r2c7",
    "category": "water",
    "position": {
      "row": 2,
      "col": 7
    },
    "source": "water_tileset"
  },
  "0312": {
    "id": "0312",
    "name": "water_r3c0",
    "category": "water",
    "position": {
      "row": 3,
      "col": 0
    },
    "source": "water_tileset"
  },
  "0313": {
    "id": "0313",
    "name": "water_r3c1",
    "category": "water",
    "position": {
      "row": 3,
      "col": 1
    },
    "source": "water_tileset"
  },
  "0314": {
    "id": "0314",
    "name": "water_r3c2",
    "category": "water",
    "position": {
      "row": 3,
      "col": 2
    },
    "source": "water_tileset"
  },
  "0315": {
    "id": "0315",
    "name": "water_r3c3",
    "category": "water",
    "position": {
      "row": 3,
      "col": 3
    },
    "source": "water_tileset"
  },
  "0316": {
    "id": "0316",
    "name": "water_r3c4",
    "category": "water",
    "position": {
      "row": 3,
      "col": 4
    },
    "source": "water_tileset"
  },
  "0317": {
    "id": "0317",
    "name": "water_r3c5",
    "category": "water",
    "position": {
      "row": 3,
      "col": 5
    },
    "source": "water_tileset"
  },
  "0318": {
    "id": "0318",
    "name": "water_r3c6",
    "category": "water",
    "position": {
      "row": 3,
      "col": 6
    },
    "source": "water_tileset"
  },
  "0319": {
    "id": "0319",
    "name": "water_r3c7",
    "category": "water",
    "position": {
      "row": 3,
      "col": 7
    },
    "source": "water_tileset"
  },
  "0320": {
    "id": "0320",
    "name": "water_r4c0",
    "category": "water",
    "position": {
      "row": 4,
      "col": 0
    },
    "source": "water_tileset"
  },
  "0321": {
    "id": "0321",
    "name": "water_r4c1",
    "category": "water",
    "position": {
      "row": 4,
      "col": 1
    },
    "source": "water_tileset"
  },
  "0322": {
    "id": "0322",
    "name": "water_r4c2",
    "category": "water",
    "position": {
      "row": 4,
      "col": 2
    },
    "source": "water_tileset"
  },
  "0323": {
    "id": "0323",
    "name": "water_r4c3",
    "category": "water",
    "position": {
      "row": 4,
      "col": 3
    },
    "source": "water_tileset"
  },
  "0324": {
    "id": "0324",
    "name": "water_r4c4",
    "category": "water",
    "position": {
      "row": 4,
      "col": 4
    },
    "source": "water_tileset"
  },
  "0325": {
    "id": "0325",
    "name": "water_r4c5",
    "category": "water",
    "position": {
      "row": 4,
      "col": 5
    },
    "source": "water_tileset"
  },
  "0326": {
    "id": "0326",
    "name": "water_r4c6",
    "category": "water",
    "position": {
      "row": 4,
      "col": 6
    },
    "source": "water_tileset"
  },
  "0327": {
    "id": "0327",
    "name": "water_r4c7",
    "category": "water",
    "position": {
      "row": 4,
      "col": 7
    },
    "source": "water_tileset"
  },
  "0328": {
    "id": "0328",
    "name": "water_r5c0",
    "category": "water",
    "position": {
      "row": 5,
      "col": 0
    },
    "source": "water_tileset"
  },
  "0329": {
    "id": "0329",
    "name": "water_r5c1",
    "category": "water",
    "position": {
      "row": 5,
      "col": 1
    },
    "source": "water_tileset"
  },
  "0330": {
    "id": "0330",
    "name": "water_r5c2",
    "category": "water",
    "position": {
      "row": 5,
      "col": 2
    },
    "source": "water_tileset"
  },
  "0331": {
    "id": "0331",
    "name": "water_r5c3",
    "category": "water",
    "position": {
      "row": 5,
      "col": 3
    },
    "source": "water_tileset"
  },
  "0332": {
    "id": "0332",
    "name": "water_r5c4",
    "category": "water",
    "position": {
      "row": 5,
      "col": 4
    },
    "source": "water_tileset"
  },
  "0333": {
    "id": "0333",
    "name": "water_r5c5",
    "category": "water",
    "position": {
      "row": 5,
      "col": 5
    },
    "source": "water_tileset"
  },
  "0334": {
    "id": "0334",
    "name": "water_r5c6",
    "category": "water",
    "position": {
      "row": 5,
      "col": 6
    },
    "source": "water_tileset"
  },
  "0335": {
    "id": "0335",
    "name": "water_r5c7",
    "category": "water",
    "position": {
      "row": 5,
      "col": 7
    },
    "source": "water_tileset"
  },
  "0336": {
    "id": "0336",
    "name": "water_r6c0",
    "category": "water",
    "position": {
      "row": 6,
      "col": 0
    },
    "source": "water_tileset"
  },
  "0337": {
    "id": "0337",
    "name": "water_r6c1",
    "category": "water",
    "position": {
      "row": 6,
      "col": 1
    },
    "source": "water_tileset"
  },
  "0338": {
    "id": "0338",
    "name": "water_r6c2",
    "category": "water",
    "position": {
      "row": 6,
      "col": 2
    },
    "source": "water_tileset"
  },
  "0339": {
    "id": "0339",
    "name": "water_r6c3",
    "category": "water",
    "position": {
      "row": 6,
      "col": 3
    },
    "source": "water_tileset"
  },
  "0340": {
    "id": "0340",
    "name": "water_r6c4",
    "category": "water",
    "position": {
      "row": 6,
      "col": 4
    },
    "source": "water_tileset"
  },
  "0341": {
    "id": "0341",
    "name": "water_r6c5",
    "category": "water",
    "position": {
      "row": 6,
      "col": 5
    },
    "source": "water_tileset"
  },
  "0342": {
    "id": "0342",
    "name": "water_r6c6",
    "category": "water",
    "position": {
      "row": 6,
      "col": 6
    },
    "source": "water_tileset"
  },
  "0343": {
    "id": "0343",
    "name": "water_r6c7",
    "category": "water",
    "position": {
      "row": 6,
      "col": 7
    },
    "source": "water_tileset"
  },
  "0344": {
    "id": "0344",
    "name": "water_r7c0",
    "category": "water",
    "position": {
      "row": 7,
      "col": 0
    },
    "source": "water_tileset"
  },
  "0345": {
    "id": "0345",
    "name": "water_r7c1",
    "category": "water",
    "position": {
      "row": 7,
      "col": 1
    },
    "source": "water_tileset"
  },
  "0346": {
    "id": "0346",
    "name": "water_r7c2",
    "category": "water",
    "position": {
      "row": 7,
      "col": 2
    },
    "source": "water_tileset"
  },
  "0347": {
    "id": "0347",
    "name": "water_r7c3",
    "category": "water",
    "position": {
      "row": 7,
      "col": 3
    },
    "source": "water_tileset"
  },
  "0348": {
    "id": "0348",
    "name": "water_r7c4",
    "category": "water",
    "position": {
      "row": 7,
      "col": 4
    },
    "source": "water_tileset"
  },
  "0349": {
    "id": "0349",
    "name": "water_r7c5",
    "category": "water",
    "position": {
      "row": 7,
      "col": 5
    },
    "source": "water_tileset"
  },
  "0350": {
    "id": "0350",
    "name": "water_r7c6",
    "category": "water",
    "position": {
      "row": 7,
      "col": 6
    },
    "source": "water_tileset"
  },
  "0351": {
    "id": "0351",
    "name": "water_r7c7",
    "category": "water",
    "position": {
      "row": 7,
      "col": 7
    },
    "source": "water_tileset"
  },
  "0352": {
    "id": "0352",
    "name": "roof_red",
    "category": "building",
    "position": {
      "row": 0,
      "col": 0
    },
    "source": "building_tileset"
  },
  "0353": {
    "id": "0353",
    "name": "roof_blue",
    "category": "building",
    "position": {
      "row": 0,
      "col": 1
    },
    "source": "building_tileset"
  },
  "0354": {
    "id": "0354",
    "name": "roof_green",
    "category": "building",
    "position": {
      "row": 0,
      "col": 2
    },
    "source": "building_tileset"
  },
  "0355": {
    "id": "0355",
    "name": "wall_brick",
    "category": "building",
    "position": {
      "row": 0,
      "col": 3
    },
    "source": "building_tileset"
  },
  "0356": {
    "id": "0356",
    "name": "wall_stone",
    "category": "building",
    "position": {
      "row": 0,
      "col": 4
    },
    "source": "building_tileset"
  },
  "0357": {
    "id": "0357",
    "name": "wall_wood",
    "category": "building",
    "position": {
      "row": 0,
      "col": 5
    },
    "source": "building_tileset"
  },
  "0358": {
    "id": "0358",
    "name": "door_wood",
    "category": "building",
    "position": {
      "row": 0,
      "col": 6
    },
    "source": "building_tileset"
  },
  "0359": {
    "id": "0359",
    "name": "window_glass",
    "category": "building",
    "position": {
      "row": 0,
      "col": 7
    },
    "source": "building_tileset"
  },
  "0360": {
    "id": "0360",
    "name": "building_r0c8",
    "category": "building",
    "position": {
      "row": 0,
      "col": 8
    },
    "source": "building_tileset"
  },
  "0361": {
    "id": "0361",
    "name": "building_r0c9",
    "category": "building",
    "position": {
      "row": 0,
      "col": 9
    },
    "source": "building_tileset"
  },
  "0362": {
    "id": "0362",
    "name": "building_r0c10",
    "category": "building",
    "position": {
      "row": 0,
      "col": 10
    },
    "source": "building_tileset"
  },
  "0363": {
    "id": "0363",
    "name": "building_r0c11",
    "category": "building",
    "position": {
      "row": 0,
      "col": 11
    },
    "source": "building_tileset"
  },
  "0364": {
    "id": "0364",
    "name": "building_r1c0",
    "category": "building",
    "position": {
      "row": 1,
      "col": 0
    },
    "source": "building_tileset"
  },
  "0365": {
    "id": "0365",
    "name": "building_r1c1",
    "category": "building",
    "position": {
      "row": 1,
      "col": 1
    },
    "source": "building_tileset"
  },
  "0366": {
    "id": "0366",
    "name": "building_r1c2",
    "category": "building",
    "position": {
      "row": 1,
      "col": 2
    },
    "source": "building_tileset"
  },
  "0367": {
    "id": "0367",
    "name": "building_r1c3",
    "category": "building",
    "position": {
      "row": 1,
      "col": 3
    },
    "source": "building_tileset"
  },
  "0368": {
    "id": "0368",
    "name": "building_r1c4",
    "category": "building",
    "position": {
      "row": 1,
      "col": 4
    },
    "source": "building_tileset"
  },
  "0369": {
    "id": "0369",
    "name": "building_r1c5",
    "category": "building",
    "position": {
      "row": 1,
      "col": 5
    },
    "source": "building_tileset"
  },
  "0370": {
    "id": "0370",
    "name": "building_r1c6",
    "category": "building",
    "position": {
      "row": 1,
      "col": 6
    },
    "source": "building_tileset"
  },
  "0371": {
    "id": "0371",
    "name": "building_r1c7",
    "category": "building",
    "position": {
      "row": 1,
      "col": 7
    },
    "source": "building_tileset"
  },
  "0372": {
    "id": "0372",
    "name": "building_r1c8",
    "category": "building",
    "position": {
      "row": 1,
      "col": 8
    },
    "source": "building_tileset"
  },
  "0373": {
    "id": "0373",
    "name": "building_r1c9",
    "category": "building",
    "position": {
      "row": 1,
      "col": 9
    },
    "source": "building_tileset"
  },
  "0374": {
    "id": "0374",
    "name": "building_r1c10",
    "category": "building",
    "position": {
      "row": 1,
      "col": 10
    },
    "source": "building_tileset"
  },
  "0375": {
    "id": "0375",
    "name": "building_r1c11",
    "category": "building",
    "position": {
      "row": 1,
      "col": 11
    },
    "source": "building_tileset"
  },
  "0376": {
    "id": "0376",
    "name": "building_r2c0",
    "category": "building",
    "position": {
      "row": 2,
      "col": 0
    },
    "source": "building_tileset"
  },
  "0377": {
    "id": "0377",
    "name": "building_r2c1",
    "category": "building",
    "position": {
      "row": 2,
      "col": 1
    },
    "source": "building_tileset"
  },
  "0378": {
    "id": "0378",
    "name": "building_r2c2",
    "category": "building",
    "position": {
      "row": 2,
      "col": 2
    },
    "source": "building_tileset"
  },
  "0379": {
    "id": "0379",
    "name": "building_r2c3",
    "category": "building",
    "position": {
      "row": 2,
      "col": 3
    },
    "source": "building_tileset"
  },
  "0380": {
    "id": "0380",
    "name": "building_r2c4",
    "category": "building",
    "position": {
      "row": 2,
      "col": 4
    },
    "source": "building_tileset"
  },
  "0381": {
    "id": "0381",
    "name": "building_r2c5",
    "category": "building",
    "position": {
      "row": 2,
      "col": 5
    },
    "source": "building_tileset"
  },
  "0382": {
    "id": "0382",
    "name": "building_r2c6",
    "category": "building",
    "position": {
      "row": 2,
      "col": 6
    },
    "source": "building_tileset"
  },
  "0383": {
    "id": "0383",
    "name": "building_r2c7",
    "category": "building",
    "position": {
      "row": 2,
      "col": 7
    },
    "source": "building_tileset"
  },
  "0384": {
    "id": "0384",
    "name": "building_r2c8",
    "category": "building",
    "position": {
      "row": 2,
      "col": 8
    },
    "source": "building_tileset"
  },
  "0385": {
    "id": "0385",
    "name": "building_r2c9",
    "category": "building",
    "position": {
      "row": 2,
      "col": 9
    },
    "source": "building_tileset"
  },
  "0386": {
    "id": "0386",
    "name": "building_r2c10",
    "category": "building",
    "position": {
      "row": 2,
      "col": 10
    },
    "source": "building_tileset"
  },
  "0387": {
    "id": "0387",
    "name": "building_r2c11",
    "category": "building",
    "position": {
      "row": 2,
      "col": 11
    },
    "source": "building_tileset"
  },
  "0388": {
    "id": "0388",
    "name": "building_r3c0",
    "category": "building",
    "position": {
      "row": 3,
      "col": 0
    },
    "source": "building_tileset"
  },
  "0389": {
    "id": "0389",
    "name": "building_r3c1",
    "category": "building",
    "position": {
      "row": 3,
      "col": 1
    },
    "source": "building_tileset"
  },
  "0390": {
    "id": "0390",
    "name": "building_r3c2",
    "category": "building",
    "position": {
      "row": 3,
      "col": 2
    },
    "source": "building_tileset"
  },
  "0391": {
    "id": "0391",
    "name": "building_r3c3",
    "category": "building",
    "position": {
      "row": 3,
      "col": 3
    },
    "source": "building_tileset"
  },
  "0392": {
    "id": "0392",
    "name": "building_r3c4",
    "category": "building",
    "position": {
      "row": 3,
      "col": 4
    },
    "source": "building_tileset"
  },
  "0393": {
    "id": "0393",
    "name": "building_r3c5",
    "category": "building",
    "position": {
      "row": 3,
      "col": 5
    },
    "source": "building_tileset"
  },
  "0394": {
    "id": "0394",
    "name": "building_r3c6",
    "category": "building",
    "position": {
      "row": 3,
      "col": 6
    },
    "source": "building_tileset"
  },
  "0395": {
    "id": "0395",
    "name": "building_r3c7",
    "category": "building",
    "position": {
      "row": 3,
      "col": 7
    },
    "source": "building_tileset"
  },
  "0396": {
    "id": "0396",
    "name": "building_r3c8",
    "category": "building",
    "position": {
      "row": 3,
      "col": 8
    },
    "source": "building_tileset"
  },
  "0397": {
    "id": "0397",
    "name": "building_r3c9",
    "category": "building",
    "position": {
      "row": 3,
      "col": 9
    },
    "source": "building_tileset"
  },
  "0398": {
    "id": "0398",
    "name": "building_r3c10",
    "category": "building",
    "position": {
      "row": 3,
      "col": 10
    },
    "source": "building_tileset"
  },
  "0399": {
    "id": "0399",
    "name": "building_r3c11",
    "category": "building",
    "position": {
      "row": 3,
      "col": 11
    },
    "source": "building_tileset"
  },
  "0400": {
    "id": "0400",
    "name": "building_r4c0",
    "category": "building",
    "position": {
      "row": 4,
      "col": 0
    },
    "source": "building_tileset"
  },
  "0401": {
    "id": "0401",
    "name": "building_r4c1",
    "category": "building",
    "position": {
      "row": 4,
      "col": 1
    },
    "source": "building_tileset"
  },
  "0402": {
    "id": "0402",
    "name": "building_r4c2",
    "category": "building",
    "position": {
      "row": 4,
      "col": 2
    },
    "source": "building_tileset"
  },
  "0403": {
    "id": "0403",
    "name": "building_r4c3",
    "category": "building",
    "position": {
      "row": 4,
      "col": 3
    },
    "source": "building_tileset"
  },
  "0404": {
    "id": "0404",
    "name": "building_r4c4",
    "category": "building",
    "position": {
      "row": 4,
      "col": 4
    },
    "source": "building_tileset"
  },
  "0405": {
    "id": "0405",
    "name": "building_r4c5",
    "category": "building",
    "position": {
      "row": 4,
      "col": 5
    },
    "source": "building_tileset"
  },
  "0406": {
    "id": "0406",
    "name": "building_r4c6",
    "category": "building",
    "position": {
      "row": 4,
      "col": 6
    },
    "source": "building_tileset"
  },
  "0407": {
    "id": "0407",
    "name": "building_r4c7",
    "category": "building",
    "position": {
      "row": 4,
      "col": 7
    },
    "source": "building_tileset"
  },
  "0408": {
    "id": "0408",
    "name": "building_r4c8",
    "category": "building",
    "position": {
      "row": 4,
      "col": 8
    },
    "source": "building_tileset"
  },
  "0409": {
    "id": "0409",
    "name": "building_r4c9",
    "category": "building",
    "position": {
      "row": 4,
      "col": 9
    },
    "source": "building_tileset"
  },
  "0410": {
    "id": "0410",
    "name": "building_r4c10",
    "category": "building",
    "position": {
      "row": 4,
      "col": 10
    },
    "source": "building_tileset"
  },
  "0411": {
    "id": "0411",
    "name": "building_r4c11",
    "category": "building",
    "position": {
      "row": 4,
      "col": 11
    },
    "source": "building_tileset"
  },
  "0412": {
    "id": "0412",
    "name": "building_r5c0",
    "category": "building",
    "position": {
      "row": 5,
      "col": 0
    },
    "source": "building_tileset"
  },
  "0413": {
    "id": "0413",
    "name": "building_r5c1",
    "category": "building",
    "position": {
      "row": 5,
      "col": 1
    },
    "source": "building_tileset"
  },
  "0414": {
    "id": "0414",
    "name": "building_r5c2",
    "category": "building",
    "position": {
      "row": 5,
      "col": 2
    },
    "source": "building_tileset"
  },
  "0415": {
    "id": "0415",
    "name": "building_r5c3",
    "category": "building",
    "position": {
      "row": 5,
      "col": 3
    },
    "source": "building_tileset"
  },
  "0416": {
    "id": "0416",
    "name": "building_r5c4",
    "category": "building",
    "position": {
      "row": 5,
      "col": 4
    },
    "source": "building_tileset"
  },
  "0417": {
    "id": "0417",
    "name": "building_r5c5",
    "category": "building",
    "position": {
      "row": 5,
      "col": 5
    },
    "source": "building_tileset"
  },
  "0418": {
    "id": "0418",
    "name": "building_r5c6",
    "category": "building",
    "position": {
      "row": 5,
      "col": 6
    },
    "source": "building_tileset"
  },
  "0419": {
    "id": "0419",
    "name": "building_r5c7",
    "category": "building",
    "position": {
      "row": 5,
      "col": 7
    },
    "source": "building_tileset"
  },
  "0420": {
    "id": "0420",
    "name": "building_r5c8",
    "category": "building",
    "position": {
      "row": 5,
      "col": 8
    },
    "source": "building_tileset"
  },
  "0421": {
    "id": "0421",
    "name": "building_r5c9",
    "category": "building",
    "position": {
      "row": 5,
      "col": 9
    },
    "source": "building_tileset"
  },
  "0422": {
    "id": "0422",
    "name": "building_r5c10",
    "category": "building",
    "position": {
      "row": 5,
      "col": 10
    },
    "source": "building_tileset"
  },
  "0423": {
    "id": "0423",
    "name": "building_r5c11",
    "category": "building",
    "position": {
      "row": 5,
      "col": 11
    },
    "source": "building_tileset"
  },
  "0424": {
    "id": "0424",
    "name": "building_r6c0",
    "category": "building",
    "position": {
      "row": 6,
      "col": 0
    },
    "source": "building_tileset"
  },
  "0425": {
    "id": "0425",
    "name": "building_r6c1",
    "category": "building",
    "position": {
      "row": 6,
      "col": 1
    },
    "source": "building_tileset"
  },
  "0426": {
    "id": "0426",
    "name": "building_r6c2",
    "category": "building",
    "position": {
      "row": 6,
      "col": 2
    },
    "source": "building_tileset"
  },
  "0427": {
    "id": "0427",
    "name": "building_r6c3",
    "category": "building",
    "position": {
      "row": 6,
      "col": 3
    },
    "source": "building_tileset"
  },
  "0428": {
    "id": "0428",
    "name": "building_r6c4",
    "category": "building",
    "position": {
      "row": 6,
      "col": 4
    },
    "source": "building_tileset"
  },
  "0429": {
    "id": "0429",
    "name": "building_r6c5",
    "category": "building",
    "position": {
      "row": 6,
      "col": 5
    },
    "source": "building_tileset"
  },
  "0430": {
    "id": "0430",
    "name": "building_r6c6",
    "category": "building",
    "position": {
      "row": 6,
      "col": 6
    },
    "source": "building_tileset"
  },
  "0431": {
    "id": "0431",
    "name": "building_r6c7",
    "category": "building",
    "position": {
      "row": 6,
      "col": 7
    },
    "source": "building_tileset"
  },
  "0432": {
    "id": "0432",
    "name": "building_r6c8",
    "category": "building",
    "position": {
      "row": 6,
      "col": 8
    },
    "source": "building_tileset"
  },
  "0433": {
    "id": "0433",
    "name": "building_r6c9",
    "category": "building",
    "position": {
      "row": 6,
      "col": 9
    },
    "source": "building_tileset"
  },
  "0434": {
    "id": "0434",
    "name": "building_r6c10",
    "category": "building",
    "position": {
      "row": 6,
      "col": 10
    },
    "source": "building_tileset"
  },
  "0435": {
    "id": "0435",
    "name": "building_r6c11",
    "category": "building",
    "position": {
      "row": 6,
      "col": 11
    },
    "source": "building_tileset"
  },
  "0436": {
    "id": "0436",
    "name": "building_r7c0",
    "category": "building",
    "position": {
      "row": 7,
      "col": 0
    },
    "source": "building_tileset"
  },
  "0437": {
    "id": "0437",
    "name": "building_r7c1",
    "category": "building",
    "position": {
      "row": 7,
      "col": 1
    },
    "source": "building_tileset"
  },
  "0438": {
    "id": "0438",
    "name": "building_r7c2",
    "category": "building",
    "position": {
      "row": 7,
      "col": 2
    },
    "source": "building_tileset"
  },
  "0439": {
    "id": "0439",
    "name": "building_r7c3",
    "category": "building",
    "position": {
      "row": 7,
      "col": 3
    },
    "source": "building_tileset"
  },
  "0440": {
    "id": "0440",
    "name": "building_r7c4",
    "category": "building",
    "position": {
      "row": 7,
      "col": 4
    },
    "source": "building_tileset"
  },
  "0441": {
    "id": "0441",
    "name": "building_r7c5",
    "category": "building",
    "position": {
      "row": 7,
      "col": 5
    },
    "source": "building_tileset"
  },
  "0442": {
    "id": "0442",
    "name": "building_r7c6",
    "category": "building",
    "position": {
      "row": 7,
      "col": 6
    },
    "source": "building_tileset"
  },
  "0443": {
    "id": "0443",
    "name": "building_r7c7",
    "category": "building",
    "position": {
      "row": 7,
      "col": 7
    },
    "source": "building_tileset"
  },
  "0444": {
    "id": "0444",
    "name": "building_r7c8",
    "category": "building",
    "position": {
      "row": 7,
      "col": 8
    },
    "source": "building_tileset"
  },
  "0445": {
    "id": "0445",
    "name": "building_r7c9",
    "category": "building",
    "position": {
      "row": 7,
      "col": 9
    },
    "source": "building_tileset"
  },
  "0446": {
    "id": "0446",
    "name": "building_r7c10",
    "category": "building",
    "position": {
      "row": 7,
      "col": 10
    },
    "source": "building_tileset"
  },
  "0447": {
    "id": "0447",
    "name": "building_r7c11",
    "category": "building",
    "position": {
      "row": 7,
      "col": 11
    },
    "source": "building_tileset"
  },
  "0448": {
    "id": "0448",
    "name": "floor_wood",
    "category": "interior",
    "position": {
      "row": 0,
      "col": 0
    },
    "source": "interior_tileset"
  },
  "0449": {
    "id": "0449",
    "name": "floor_tile",
    "category": "interior",
    "position": {
      "row": 0,
      "col": 1
    },
    "source": "interior_tileset"
  },
  "0450": {
    "id": "0450",
    "name": "table",
    "category": "interior",
    "position": {
      "row": 0,
      "col": 2
    },
    "source": "interior_tileset"
  },
  "0451": {
    "id": "0451",
    "name": "chair",
    "category": "interior",
    "position": {
      "row": 0,
      "col": 3
    },
    "source": "interior_tileset"
  },
  "0452": {
    "id": "0452",
    "name": "bed",
    "category": "interior",
    "position": {
      "row": 0,
      "col": 4
    },
    "source": "interior_tileset"
  },
  "0453": {
    "id": "0453",
    "name": "bookshelf",
    "category": "interior",
    "position": {
      "row": 0,
      "col": 5
    },
    "source": "interior_tileset"
  },
  "0454": {
    "id": "0454",
    "name": "carpet_red",
    "category": "interior",
    "position": {
      "row": 0,
      "col": 6
    },
    "source": "interior_tileset"
  },
  "0455": {
    "id": "0455",
    "name": "carpet_blue",
    "category": "interior",
    "position": {
      "row": 0,
      "col": 7
    },
    "source": "interior_tileset"
  },
  "0456": {
    "id": "0456",
    "name": "interior_r1c0",
    "category": "interior",
    "position": {
      "row": 1,
      "col": 0
    },
    "source": "interior_tileset"
  },
  "0457": {
    "id": "0457",
    "name": "interior_r1c1",
    "category": "interior",
    "position": {
      "row": 1,
      "col": 1
    },
    "source": "interior_tileset"
  },
  "0458": {
    "id": "0458",
    "name": "interior_r1c2",
    "category": "interior",
    "position": {
      "row": 1,
      "col": 2
    },
    "source": "interior_tileset"
  },
  "0459": {
    "id": "0459",
    "name": "interior_r1c3",
    "category": "interior",
    "position": {
      "row": 1,
      "col": 3
    },
    "source": "interior_tileset"
  },
  "0460": {
    "id": "0460",
    "name": "interior_r1c4",
    "category": "interior",
    "position": {
      "row": 1,
      "col": 4
    },
    "source": "interior_tileset"
  },
  "0461": {
    "id": "0461",
    "name": "interior_r1c5",
    "category": "interior",
    "position": {
      "row": 1,
      "col": 5
    },
    "source": "interior_tileset"
  },
  "0462": {
    "id": "0462",
    "name": "interior_r1c6",
    "category": "interior",
    "position": {
      "row": 1,
      "col": 6
    },
    "source": "interior_tileset"
  },
  "0463": {
    "id": "0463",
    "name": "interior_r1c7",
    "category": "interior",
    "position": {
      "row": 1,
      "col": 7
    },
    "source": "interior_tileset"
  },
  "0464": {
    "id": "0464",
    "name": "interior_r2c0",
    "category": "interior",
    "position": {
      "row": 2,
      "col": 0
    },
    "source": "interior_tileset"
  },
  "0465": {
    "id": "0465",
    "name": "interior_r2c1",
    "category": "interior",
    "position": {
      "row": 2,
      "col": 1
    },
    "source": "interior_tileset"
  },
  "0466": {
    "id": "0466",
    "name": "interior_r2c2",
    "category": "interior",
    "position": {
      "row": 2,
      "col": 2
    },
    "source": "interior_tileset"
  },
  "0467": {
    "id": "0467",
    "name": "interior_r2c3",
    "category": "interior",
    "position": {
      "row": 2,
      "col": 3
    },
    "source": "interior_tileset"
  },
  "0468": {
    "id": "0468",
    "name": "interior_r2c4",
    "category": "interior",
    "position": {
      "row": 2,
      "col": 4
    },
    "source": "interior_tileset"
  },
  "0469": {
    "id": "0469",
    "name": "interior_r2c5",
    "category": "interior",
    "position": {
      "row": 2,
      "col": 5
    },
    "source": "interior_tileset"
  },
  "0470": {
    "id": "0470",
    "name": "interior_r2c6",
    "category": "interior",
    "position": {
      "row": 2,
      "col": 6
    },
    "source": "interior_tileset"
  },
  "0471": {
    "id": "0471",
    "name": "interior_r2c7",
    "category": "interior",
    "position": {
      "row": 2,
      "col": 7
    },
    "source": "interior_tileset"
  },
  "0472": {
    "id": "0472",
    "name": "interior_r3c0",
    "category": "interior",
    "position": {
      "row": 3,
      "col": 0
    },
    "source": "interior_tileset"
  },
  "0473": {
    "id": "0473",
    "name": "interior_r3c1",
    "category": "interior",
    "position": {
      "row": 3,
      "col": 1
    },
    "source": "interior_tileset"
  },
  "0474": {
    "id": "0474",
    "name": "interior_r3c2",
    "category": "interior",
    "position": {
      "row": 3,
      "col": 2
    },
    "source": "interior_tileset"
  },
  "0475": {
    "id": "0475",
    "name": "interior_r3c3",
    "category": "interior",
    "position": {
      "row": 3,
      "col": 3
    },
    "source": "interior_tileset"
  },
  "0476": {
    "id": "0476",
    "name": "interior_r3c4",
    "category": "interior",
    "position": {
      "row": 3,
      "col": 4
    },
    "source": "interior_tileset"
  },
  "0477": {
    "id": "0477",
    "name": "interior_r3c5",
    "category": "interior",
    "position": {
      "row": 3,
      "col": 5
    },
    "source": "interior_tileset"
  },
  "0478": {
    "id": "0478",
    "name": "interior_r3c6",
    "category": "interior",
    "position": {
      "row": 3,
      "col": 6
    },
    "source": "interior_tileset"
  },
  "0479": {
    "id": "0479",
    "name": "interior_r3c7",
    "category": "interior",
    "position": {
      "row": 3,
      "col": 7
    },
    "source": "interior_tileset"
  },
  "0480": {
    "id": "0480",
    "name": "interior_r4c0",
    "category": "interior",
    "position": {
      "row": 4,
      "col": 0
    },
    "source": "interior_tileset"
  },
  "0481": {
    "id": "0481",
    "name": "interior_r4c1",
    "category": "interior",
    "position": {
      "row": 4,
      "col": 1
    },
    "source": "interior_tileset"
  },
  "0482": {
    "id": "0482",
    "name": "interior_r4c2",
    "category": "interior",
    "position": {
      "row": 4,
      "col": 2
    },
    "source": "interior_tileset"
  },
  "0483": {
    "id": "0483",
    "name": "interior_r4c3",
    "category": "interior",
    "position": {
      "row": 4,
      "col": 3
    },
    "source": "interior_tileset"
  },
  "0484": {
    "id": "0484",
    "name": "interior_r4c4",
    "category": "interior",
    "position": {
      "row": 4,
      "col": 4
    },
    "source": "interior_tileset"
  },
  "0485": {
    "id": "0485",
    "name": "interior_r4c5",
    "category": "interior",
    "position": {
      "row": 4,
      "col": 5
    },
    "source": "interior_tileset"
  },
  "0486": {
    "id": "0486",
    "name": "interior_r4c6",
    "category": "interior",
    "position": {
      "row": 4,
      "col": 6
    },
    "source": "interior_tileset"
  },
  "0487": {
    "id": "0487",
    "name": "interior_r4c7",
    "category": "interior",
    "position": {
      "row": 4,
      "col": 7
    },
    "source": "interior_tileset"
  },
  "0488": {
    "id": "0488",
    "name": "interior_r5c0",
    "category": "interior",
    "position": {
      "row": 5,
      "col": 0
    },
    "source": "interior_tileset"
  },
  "0489": {
    "id": "0489",
    "name": "interior_r5c1",
    "category": "interior",
    "position": {
      "row": 5,
      "col": 1
    },
    "source": "interior_tileset"
  },
  "0490": {
    "id": "0490",
    "name": "interior_r5c2",
    "category": "interior",
    "position": {
      "row": 5,
      "col": 2
    },
    "source": "interior_tileset"
  },
  "0491": {
    "id": "0491",
    "name": "interior_r5c3",
    "category": "interior",
    "position": {
      "row": 5,
      "col": 3
    },
    "source": "interior_tileset"
  },
  "0492": {
    "id": "0492",
    "name": "interior_r5c4",
    "category": "interior",
    "position": {
      "row": 5,
      "col": 4
    },
    "source": "interior_tileset"
  },
  "0493": {
    "id": "0493",
    "name": "interior_r5c5",
    "category": "interior",
    "position": {
      "row": 5,
      "col": 5
    },
    "source": "interior_tileset"
  },
  "0494": {
    "id": "0494",
    "name": "interior_r5c6",
    "category": "interior",
    "position": {
      "row": 5,
      "col": 6
    },
    "source": "interior_tileset"
  },
  "0495": {
    "id": "0495",
    "name": "interior_r5c7",
    "category": "interior",
    "position": {
      "row": 5,
      "col": 7
    },
    "source": "interior_tileset"
  },
  "0496": {
    "id": "0496",
    "name": "button_normal",
    "category": "ui",
    "position": {
      "row": 0,
      "col": 0
    },
    "source": "ui_tileset"
  },
  "0497": {
    "id": "0497",
    "name": "button_hover",
    "category": "ui",
    "position": {
      "row": 0,
      "col": 1
    },
    "source": "ui_tileset"
  },
  "0498": {
    "id": "0498",
    "name": "button_pressed",
    "category": "ui",
    "position": {
      "row": 0,
      "col": 2
    },
    "source": "ui_tileset"
  },
  "0499": {
    "id": "0499",
    "name": "icon_health",
    "category": "ui",
    "position": {
      "row": 0,
      "col": 3
    },
    "source": "ui_tileset"
  },
  "0500": {
    "id": "0500",
    "name": "icon_mana",
    "category": "ui",
    "position": {
      "row": 0,
      "col": 4
    },
    "source": "ui_tileset"
  },
  "0501": {
    "id": "0501",
    "name": "icon_gold",
    "category": "ui",
    "position": {
      "row": 0,
      "col": 5
    },
    "source": "ui_tileset"
  },
  "0502": {
    "id": "0502",
    "name": "ui_r0c6",
    "category": "ui",
    "position": {
      "row": 0,
      "col": 6
    },
    "source": "ui_tileset"
  },
  "0503": {
    "id": "0503",
    "name": "ui_r0c7",
    "category": "ui",
    "position": {
      "row": 0,
      "col": 7
    },
    "source": "ui_tileset"
  },
  "0504": {
    "id": "0504",
    "name": "ui_r1c0",
    "category": "ui",
    "position": {
      "row": 1,
      "col": 0
    },
    "source": "ui_tileset"
  },
  "0505": {
    "id": "0505",
    "name": "ui_r1c1",
    "category": "ui",
    "position": {
      "row": 1,
      "col": 1
    },
    "source": "ui_tileset"
  },
  "0506": {
    "id": "0506",
    "name": "ui_r1c2",
    "category": "ui",
    "position": {
      "row": 1,
      "col": 2
    },
    "source": "ui_tileset"
  },
  "0507": {
    "id": "0507",
    "name": "ui_r1c3",
    "category": "ui",
    "position": {
      "row": 1,
      "col": 3
    },
    "source": "ui_tileset"
  },
  "0508": {
    "id": "0508",
    "name": "ui_r1c4",
    "category": "ui",
    "position": {
      "row": 1,
      "col": 4
    },
    "source": "ui_tileset"
  },
  "0509": {
    "id": "0509",
    "name": "ui_r1c5",
    "category": "ui",
    "position": {
      "row": 1,
      "col": 5
    },
    "source": "ui_tileset"
  },
  "0510": {
    "id": "0510",
    "name": "ui_r1c6",
    "category": "ui",
    "position": {
      "row": 1,
      "col": 6
    },
    "source": "ui_tileset"
  },
  "0511": {
    "id": "0511",
    "name": "ui_r1c7",
    "category": "ui",
    "position": {
      "row": 1,
      "col": 7
    },
    "source": "ui_tileset"
  },
  "0512": {
    "id": "0512",
    "name": "gem_red",
    "category": "special",
    "position": {
      "row": 0,
      "col": 0
    },
    "source": "special_tileset"
  },
  "0513": {
    "id": "0513",
    "name": "gem_green",
    "category": "special",
    "position": {
      "row": 0,
      "col": 1
    },
    "source": "special_tileset"
  },
  "0514": {
    "id": "0514",
    "name": "gem_blue",
    "category": "special",
    "position": {
      "row": 0,
      "col": 2
    },
    "source": "special_tileset"
  },
  "0515": {
    "id": "0515",
    "name": "gem_yellow",
    "category": "special",
    "position": {
      "row": 0,
      "col": 3
    },
    "source": "special_tileset"
  },
  "0516": {
    "id": "0516",
    "name": "gem_purple",
    "category": "special",
    "position": {
      "row": 0,
      "col": 4
    },
    "source": "special_tileset"
  },
  "0517": {
    "id": "0517",
    "name": "gem_cyan",
    "category": "special",
    "position": {
      "row": 0,
      "col": 5
    },
    "source": "special_tileset"
  },
  "0518": {
    "id": "0518",
    "name": "key_bronze",
    "category": "special",
    "position": {
      "row": 1,
      "col": 0
    },
    "source": "special_tileset"
  },
  "0519": {
    "id": "0519",
    "name": "potion_health",
    "category": "special",
    "position": {
      "row": 1,
      "col": 1
    },
    "source": "special_tileset"
  },
  "0520": {
    "id": "0520",
    "name": "potion_mana",
    "category": "special",
    "position": {
      "row": 1,
      "col": 2
    },
    "source": "special_tileset"
  },
  "0521": {
    "id": "0521",
    "name": "potion_stamina",
    "category": "special",
    "position": {
      "row": 1,
      "col": 3
    },
    "source": "special_tileset"
  },
  "0522": {
    "id": "0522",
    "name": "special_r1c4",
    "category": "special",
    "position": {
      "row": 1,
      "col": 4
    },
    "source": "special_tileset"
  },
  "0523": {
    "id": "0523",
    "name": "special_r1c5",
    "category": "special",
    "position": {
      "row": 1,
      "col": 5
    },
    "source": "special_tileset"
  },
  "0524": {
    "id": "0524",
    "name": "special_r2c0",
    "category": "special",
    "position": {
      "row": 2,
      "col": 0
    },
    "source": "special_tileset"
  },
  "0525": {
    "id": "0525",
    "name": "special_r2c1",
    "category": "special",
    "position": {
      "row": 2,
      "col": 1
    },
    "source": "special_tileset"
  },
  "0526": {
    "id": "0526",
    "name": "special_r2c2",
    "category": "special",
    "position": {
      "row": 2,
      "col": 2
    },
    "source": "special_tileset"
  },
  "0527": {
    "id": "0527",
    "name": "special_r2c3",
    "category": "special",
    "position": {
      "row": 2,
      "col": 3
    },
    "source": "special_tileset"
  },
  "0528": {
    "id": "0528",
    "name": "special_r2c4",
    "category": "special",
    "position": {
      "row": 2,
      "col": 4
    },
    "source": "special_tileset"
  },
  "0529": {
    "id": "0529",
    "name": "special_r2c5",
    "category": "special",
    "position": {
      "row": 2,
      "col": 5
    },
    "source": "special_tileset"
  },
  "0530": {
    "id": "0530",
    "name": "special_r3c0",
    "category": "special",
    "position": {
      "row": 3,
      "col": 0
    },
    "source": "special_tileset"
  },
  "0531": {
    "id": "0531",
    "name": "special_r3c1",
    "category": "special",
    "position": {
      "row": 3,
      "col": 1
    },
    "source": "special_tileset"
  },
  "0532": {
    "id": "0532",
    "name": "special_r3c2",
    "category": "special",
    "position": {
      "row": 3,
      "col": 2
    },
    "source": "special_tileset"
  },
  "0533": {
    "id": "0533",
    "name": "special_r3c3",
    "category": "special",
    "position": {
      "row": 3,
      "col": 3
    },
    "source": "special_tileset"
  },
  "0534": {
    "id": "0534",
    "name": "special_r3c4",
    "category": "special",
    "position": {
      "row": 3,
      "col": 4
    },
    "source": "special_tileset"
  },
  "0535": {
    "id": "0535",
    "name": "special_r3c5",
    "category": "special",
    "position": {
      "row": 3,
      "col": 5
    },
    "source": "special_tileset"
  }
}