{
  "id": "route1",
  "name": "Route 1",
  "size": {
    "w": 20,
    "h": 40,
    "tile": 64
  },
  "layers": {
    "ground": [
      [1,1,1,1,1,1,1,1,1,2,2,1,1,1,1,1,1,1,1,1],
      [1,1,1,1,1,1,1,1,1,2,2,1,1,1,1,1,1,1,1,1],
      [1,1,1,1,1,1,1,1,1,2,2,1,1,1,1,1,1,1,1,1],
      [1,1,1,1,1,1,1,1,1,2,2,1,1,1,1,1,1,1,1,1],
      [1,1,1,1,1,1,1,1,1,2,2,1,1,1,1,1,1,1,1,1],
      [1,1,1,1,1,1,1,1,1,2,2,1,1,1,1,1,1,1,1,1],
      [1,1,1,1,1,1,1,1,1,2,2,1,1,1,1,1,1,1,1,1],
      [1,1,1,1,1,1,1,1,1,2,2,1,1,1,1,1,1,1,1,1],
      [1,1,1,1,1,1,1,1,1,2,2,1,1,1,1,1,1,1,1,1],
      [1,1,1,1,1,1,1,1,1,2,2,1,1,1,1,1,1,1,1,1],
      [1,1,1,1,1,1,1,1,1,2,2,1,1,1,1,1,1,1,1,1],
      [1,1,1,1,1,1,1,1,1,2,2,1,1,1,1,1,1,1,1,1],
      [1,1,1,1,1,1,1,1,1,2,2,1,1,1,1,1,1,1,1,1],
      [1,1,1,1,1,1,1,1,1,2,2,1,1,1,1,1,1,1,1,1],
      [1,1,1,1,1,1,1,1,1,2,2,1,1,1,1,1,1,1,1,1],
      [1,1,1,1,1,1,1,1,1,2,2,1,1,1,1,1,1,1,1,1],
      [1,1,1,1,1,1,1,1,1,2,2,1,1,1,1,1,1,1,1,1],
      [1,1,1,1,1,1,1,1,1,2,2,1,1,1,1,1,1,1,1,1],
      [1,1,1,1,1,1,1,1,1,2,2,1,1,1,1,1,1,1,1,1],
      [1,1,1,1,1,1,1,1,1,2,2,1,1,1,1,1,1,1,1,1],
      [1,1,1,1,1,1,1,1,1,2,2,1,1,1,1,1,1,1,1,1],
      [1,1,1,1,1,1,1,1,1,2,2,1,1,1,1,1,1,1,1,1],
      [1,1,1,1,1,1,1,1,1,2,2,1,1,1,1,1,1,1,1,1],
      [1,1,1,1,1,1,1,1,1,2,2,1,1,1,1,1,1,1,1,1],
      [1,1,1,1,1,1,1,1,1,2,2,1,1,1,1,1,1,1,1,1],
      [1,1,1,1,1,1,1,1,1,2,2,1,1,1,1,1,1,1,1,1],
      [1,1,1,1,1,1,1,1,1,2,2,1,1,1,1,1,1,1,1,1],
      [1,1,1,1,1,1,1,1,1,2,2,1,1,1,1,1,1,1,1,1],
      [1,1,1,1,1,1,1,1,1,2,2,1,1,1,1,1,1,1,1,1],
      [1,1,1,1,1,1,1,1,1,2,2,1,1,1,1,1,1,1,1,1],
      [1,1,1,1,1,1,1,1,1,2,2,1,1,1,1,1,1,1,1,1],
      [1,1,1,1,1,1,1,1,1,2,2,1,1,1,1,1,1,1,1,1],
      [1,1,1,1,1,1,1,1,1,2,2,1,1,1,1,1,1,1,1,1],
      [1,1,1,1,1,1,1,1,1,2,2,1,1,1,1,1,1,1,1,1],
      [1,1,1,1,1,1,1,1,1,2,2,1,1,1,1,1,1,1,1,1],
      [1,1,1,1,1,1,1,1,1,2,2,1,1,1,1,1,1,1,1,1],
      [1,1,1,1,1,1,1,1,1,2,2,1,1,1,1,1,1,1,1,1],
      [1,1,1,1,1,1,1,1,1,2,2,1,1,1,1,1,1,1,1,1],
      [1,1,1,1,1,1,1,1,1,2,2,1,1,1,1,1,1,1,1,1],
      [1,1,1,1,1,1,1,1,1,2,2,1,1,1,1,1,1,1,1,1]
    ],
    "collision": [
      [0,0,0,0,0,0,0,0,0,0,0,0,0,0,0,0,0,0,0,0],
      [0,0,0,0,0,0,0,0,0,0,0,0,0,0,0,0,0,0,0,0],
      [0,0,0,0,0,0,0,0,0,0,0,0,0,0,0,0,0,0,0,0],
      [0,0,0,0,0,0,0,0,0,0,0,0,0,0,0,0,0,0,0,0],
      [0,0,0,0,0,0,0,0,0,0,0,0,0,0,0,0,0,0,0,0],
      [0,0,0,0,0,0,0,0,0,0,0,0,0,0,0,0,0,0,0,0],
      [0,0,0,0,0,0,0,0,0,0,0,0,0,0,0,0,0,0,0,0],
      [0,0,0,0,0,0,0,0,0,0,0,0,0,0,0,0,0,0,0,0],
      [0,0,0,0,0,0,0,0,0,0,0,0,0,0,0,0,0,0,0,0],
      [0,0,0,0,0,0,0,0,0,0,0,0,0,0,0,0,0,0,0,0],
      [0,0,0,0,0,0,0,0,0,0,0,0,0,0,0,0,0,0,0,0],
      [0,0,0,0,0,0,0,0,0,0,0,0,0,0,0,0,0,0,0,0],
      [0,0,0,0,0,0,0,0,0,0,0,0,0,0,0,0,0,0,0,0],
      [0,0,0,0,0,0,0,0,0,0,0,0,0,0,0,0,0,0,0,0],
      [0,0,0,0,0,0,0,0,0,0,0,0,0,0,0,0,0,0,0,0],
      [0,0,0,0,0,0,0,0,0,0,0,0,0,0,0,0,0,0,0,0],
      [0,0,0,0,0,0,0,0,0,0,0,0,0,0,0,0,0,0,0,0],
      [0,0,0,0,0,0,0,0,0,0,0,0,0,0,0,0,0,0,0,0],
      [0,0,0,0,0,0,0,0,0,0,0,0,0,0,0,0,0,0,0,0],
      [0,0,0,0,0,0,0,0,0,0,0,0,0,0,0,0,0,0,0,0],
      [0,0,0,0,0,0,0,0,0,0,0,0,0,0,0,0,0,0,0,0],
      [0,0,0,0,0,0,0,0,0,0,0,0,0,0,0,0,0,0,0,0],
      [0,0,0,0,0,0,0,0,0,0,0,0,0,0,0,0,0,0,0,0],
      [0,0,0,0,0,0,0,0,0,0,0,0,0,0,0,0,0,0,0,0],
      [0,0,0,0,0,0,0,0,0,0,0,0,0,0,0,0,0,0,0,0],
      [0,0,0,0,0,0,0,0,0,0,0,0,0,0,0,0,0,0,0,0],
      [0,0,0,0,0,0,0,0,0,0,0,0,0,0,0,0,0,0,0,0],
      [0,0,0,0,0,0,0,0,0,0,0,0,0,0,0,0,0,0,0,0],
      [0,0,0,0,0,0,0,0,0,0,0,0,0,0,0,0,0,0,0,0],
      [0,0,0,0,0,0,0,0,0,0,0,0,0,0,0,0,0,0,0,0],
      [0,0,0,0,0,0,0,0,0,0,0,0,0,0,0,0,0,0,0,0],
      [0,0,0,0,0,0,0,0,0,0,0,0,0,0,0,0,0,0,0,0],
      [0,0,0,0,0,0,0,0,0,0,0,0,0,0,0,0,0,0,0,0],
      [0,0,0,0,0,0,0,0,0,0,0,0,0,0,0,0,0,0,0,0],
      [0,0,0,0,0,0,0,0,0,0,0,0,0,0,0,0,0,0,0,0],
      [0,0,0,0,0,0,0,0,0,0,0,0,0,0,0,0,0,0,0,0],
      [0,0,0,0,0,0,0,0,0,0,0,0,0,0,0,0,0,0,0,0],
      [0,0,0,0,0,0,0,0,0,0,0,0,0,0,0,0,0,0,0,0],
      [0,0,0,0,0,0,0,0,0,0,0,0,0,0,0,0,0,0,0,0],
      [0,0,0,0,0,0,0,0,0,0,0,0,0,0,0,0,0,0,0,0]
    ]
  },
  "warps": [
    {
      "x": 9,
      "y": 0,
      "to": "kohlenstadt",
      "tx": 3,
      "ty": 27,
      "direction": "up"
    },
    {
      "x": 10,
      "y": 0,
      "to": "kohlenstadt",
      "tx": 3,
      "ty": 27,
      "direction": "up"
    },
    {
      "x": 9,
      "y": 39,
      "to": "schachtstadt",
      "tx": 15,
      "ty": 2,
      "direction": "down"
    },
    {
      "x": 10,
      "y": 39,
      "to": "schachtstadt",
      "tx": 15,
      "ty": 2,
      "direction": "down"
    }
  ],
  "triggers": [
    {
      "x": 10,
      "y": 10,
      "event": "trainer_battle",
      "args": {
        "trainer_id": "youngster_1",
        "dialogue_before": "Ey, du kommst hier nich' vorbei ohne Kampf!",
        "dialogue_after": "Boah, bist ja echt stark!"
      }
    }
  ],
  "npcs": [
    {
      "id": "youngster_1",
      "name": "Jungspund Tim",
      "x": 10,
      "y": 10,
      "sprite": "youngster",
      "movement": "standing",
      "trainer": true,
      "team": ["kohlix", "funkelix"],
      "dialogue": {
        "before_battle": "Ich trainier' hier jeden Tag!",
        "after_battle": "Muss wohl noch mehr trainieren..."
      }
    }
  ],
  "properties": {
    "music": "route.ogg",
    "encounters": {
      "grass": [
        {"species": "kohlix", "levels": [2, 4], "rate": 40},
        {"species": "funkelix", "levels": [2, 4], "rate": 30},
        {"species": "tropfex", "levels": [3, 5], "rate": 20},
        {"species": "blattix", "levels": [3, 5], "rate": 10}
      ]
    },
    "spawns": {
      "default": {"x": 9, "y": 5, "direction": "down"},
      "from_kohlenstadt": {"x": 9, "y": 1, "direction": "down"},
      "from_schachtstadt": {"x": 9, "y": 38, "direction": "up"}
    }
  }
}