[
  {
    "name": "Auf die Fresse",
    "type": "Physisch",
    "description": "Rennt hin und haut dem Gegner voll auffe Zw\u00f6lf. Kurz und schmerzhaft \u2013 f\u00fcr den Gegner zumindest."
  },
  {
    "name": "Biss",
    "type": "Physisch",
    "description": "Bei\u00dft dem Gegner richtig schmerzhaft in den Hintern. Dat brennt, sach ich dir!"
  },
  {
    "name": "Blattsturm",
    "type": "Pflanze",
    "description": "L\u00e4sst eine Ladung scharfer Bl\u00e4tter wirbeln. Schneidet den Gegner wie hundert kleine Rasierklingen."
  },
  {
    "name": "Blubber",
    "type": "Wasser",
    "description": "Spuckt 'ne Ladung Blubberbl\u00e4schen. Sieht lustig aus, nervt den Gegner aber tierisch."
  },
  {
    "name": "Bodycheck",
    "type": "Physisch",
    "description": "Rammt mit dem ganzen K\u00f6rper in den Gegner, volles Pfund auf die Zw\u00f6lf."
  },
  {
    "name": "Br\u00fcllen",
    "type": "Physisch",
    "description": "L\u00e4sst einen mordslauten Schrei los. Davon kriegen selbst die Hartgesottenen Schiss."
  },
  {
    "name": "Chaosblitz",
    "type": "Chaos",
    "description": "Feuert einen unberechenbaren Blitzschlag ab. Man wei\u00df nie genau, wat passiert, aber rummst tut et immer."
  },
  {
    "name": "Donnerblitz",
    "type": "Energie",
    "description": "Schie\u00dft 'nen Blitz ausm Himmel direkt in den Gegner. Zappt ihn einmal richtig durch."
  },
  {
    "name": "Erdbeben",
    "type": "Erde",
    "description": "L\u00e4sst den Boden wackeln wie beim Gro\u00dfbergbau. Gegner verlieren komplett den Halt."
  },
  {
    "name": "Feuerball",
    "type": "Feuer",
    "description": "Schleudert 'nen brennenden Feuerball auf den Gegner. Dat kokelt alles an, wat er trifft."
  },
  {
    "name": "Flammenwurf",
    "type": "Feuer",
    "description": "Spuckt einen langen Strahl aus Flammen. Grillt den Gegner einmal gut durch, lecker knusprig."
  },
  {
    "name": "Fluch",
    "type": "Mystik",
    "description": "Belegt den Gegner mit 'nem \u00fcblen Fluch. Von jetzt an hat der arme Kerl richtig Pech an der Backe."
  },
  {
    "name": "Funken",
    "type": "Energie",
    "description": "Verspritzt kleine Funken. Die tun nich doll weh, nerven aber gewaltig."
  },
  {
    "name": "Funkenschlag",
    "type": "Energie",
    "description": "Entl\u00e4dt einen heftigen Stromschlag im Gegner. Dat knistert und brutzelt ordentlich."
  },
  {
    "name": "Giftstachel",
    "type": "Seuche",
    "description": "Spie\u00dft den Gegner mit giftigen Stacheln auf. Das Gift wirkt sofort, viel Spa\u00df noch."
  },
  {
    "name": "Giftwolke",
    "type": "Seuche",
    "description": "Spuckt eine \u00fcble Giftwolke aus. Wenn de dat einatmest, gute Nacht Marie."
  },
  {
    "name": "G\u00f6ttlicher Zorn",
    "type": "Gottheit",
    "description": "L\u00e4sst g\u00f6ttlichen Zorn auf den Gegner herabregnen. Da gehste besser in Deckung, dat knallt richtig."
  },
  {
    "name": "Heilgebet",
    "type": "Gottheit",
    "description": "Betet kurz um Hilfe. Heilt dadurch sich oder die Kumpels ein St\u00fcck weit."
  },
  {
    "name": "Heulen",
    "type": "Physisch",
    "description": "L\u00e4sst ein unheimliches Geheul los. Da kriegen selbst die h\u00e4rtesten Gegner weiche Knie."
  },
  {
    "name": "Hitzewelle",
    "type": "Feuer",
    "description": "Entfesselt 'ne brutale Hitzewelle. Da wird et im Umkreis von zehn Meter richtig ungem\u00fctlich warm."
  },
  {
    "name": "Hypnose",
    "type": "Mystik",
    "description": "Starrt den Gegner an, bis er einpennt. Zack, wech isser."
  },
  {
    "name": "H\u00e4rtner",
    "type": "Status",
    "description": "H\u00e4rtet seine Schale ab wie Stahl. Da kommt erstmal nix mehr durch, egal wat de machst."
  },
  {
    "name": "H\u00f6llenfeuer",
    "type": "Teufel",
    "description": "Beschw\u00f6rt Feuer direkt aus der H\u00f6lle. Brennt lichterloh und stinkt nach Schwefel."
  },
  {
    "name": "Kopfnuss",
    "type": "Physisch",
    "description": "Gibt dem Gegner eine volle Kopfnuss. Da bimmeln die Glocken im Kopp, aber hallo!"
  },
  {
    "name": "Krallenhieb",
    "type": "Physisch",
    "description": "Schl\u00e4gt mit scharfen Krallen zu, dat Blut spritzt. Eklig, aber effektiv."
  },
  {
    "name": "Kratzer",
    "type": "Physisch",
    "description": "F\u00e4hrt dem Gegner mit scharfen Krallen \u00fcbern K\u00f6rper. Tut weh wie Sau."
  },
  {
    "name": "Kratzfurie",
    "type": "Physisch",
    "description": "Kratzt wie verr\u00fcckt am Gegner rum. Geht ab wie Schmidts Katze, dat Vieh."
  },
  {
    "name": "Lehmschuss",
    "type": "Erde",
    "description": "Feuert eine Ladung Matsch auf den Gegner. Schweinkram, aber nimmt ihm die Sicht."
  },
  {
    "name": "Lichtstrahl",
    "type": "Gottheit",
    "description": "Schie\u00dft einen heiligen Lichtstrahl auf den Gegner. Tut in den Augen weh und brutzelt b\u00f6se Kreaturen weg."
  },
  {
    "name": "Magnetfeld",
    "type": "Energie",
    "description": "Erzeugt ein surrendes Magnetfeld. Elektronische Ger\u00e4te spielen verr\u00fcckt und der Gegner auch."
  },
  {
    "name": "Orkan",
    "type": "Luft",
    "description": "Entfesselt einen ausgewachsenen Orkan. Der Gegner fliegt meterweit durch die Gegend, glaubse gar nich."
  },
  {
    "name": "Panzerhaut",
    "type": "Status",
    "description": "Macht seine Haut hart wie 'nen Panzer aus Stahlbeton. Angriffe prallen einfach ab."
  },
  {
    "name": "Pesthauch",
    "type": "Seuche",
    "description": "Haucht dem Gegner Krankheit ins Gesicht. Extrem eklig, aber haucht ihn dahin."
  },
  {
    "name": "Rankenhieb",
    "type": "Pflanze",
    "description": "Peitscht mit rankenden Pflanzen auf den Gegner ein. Gibt sch\u00f6ne Striemen, da sachste Aua."
  },
  {
    "name": "Raserei",
    "type": "Status",
    "description": "Dreht v\u00f6llig am Rad vor Wut. Schl\u00e4gt danach noch viel h\u00e4rter zu als vorher."
  },
  {
    "name": "Regeneration",
    "type": "Status",
    "description": "Heilt seine Wunden von selbst. Steht wieder auf, als w\u00e4r nix gewesen."
  },
  {
    "name": "Regenschauer",
    "type": "Wasser",
    "description": "Beschw\u00f6rt einen pl\u00f6tzlichen Platzregen. Alle werden klatschnass und es flutscht wie Hulle."
  },
  {
    "name": "Rempler",
    "type": "Physisch",
    "description": "Rennt den Gegner stumpf um, dass dem H\u00f6ren und Sehen vergeht."
  },
  {
    "name": "Samenbombe",
    "type": "Pflanze",
    "description": "Schie\u00dft harte Pflanzensamen auf den Gegner. Kleine K\u00f6rner mit gro\u00dfem Bums, sach ich dir."
  },
  {
    "name": "Schattenhieb",
    "type": "Mystik",
    "description": "Taucht ausm Schatten auf und haut m\u00e4chtig drauf. Der Gegner sieht nur noch Sterne."
  },
  {
    "name": "Schutzschild",
    "type": "Status",
    "description": "Wirft fix 'nen Schutzschild hoch. Daran prallt erstmal alles ab, wat der Gegner versucht."
  },
  {
    "name": "Schweifschlag",
    "type": "Physisch",
    "description": "Haut dem Gegner mit dem Schwanz eine runter. Klatscht ordentlich, willste nich abkriegen."
  },
  {
    "name": "Seelenraub",
    "type": "Teufel",
    "description": "Zieht dem Gegner ein St\u00fcck von der Seele ab. Eiskalt und mords gemein, da vergeht dem Opfer das Lachen."
  },
  {
    "name": "Seuchenschwall",
    "type": "Seuche",
    "description": "Flutet die Gegend mit verseuchter Br\u00fche. Willste nicht abkriegen, glaub mir."
  },
  {
    "name": "Spukball",
    "type": "Mystik",
    "description": "Feuert eine geisterhafte Kugel ab, die durch alles durchgeht. Schaurig-sch\u00f6n und schmerzhaft obendrein."
  },
  {
    "name": "Stampfer",
    "type": "Physisch",
    "description": "Trampelt den Gegner in Grund und Boden. Dat bebt wie bei 'nem Gro\u00dfbagger!"
  },
  {
    "name": "Steinwurf",
    "type": "Erde",
    "description": "Schmei\u00dft 'nen dicken Felsbrocken auf den Gegner. Tut richtig weh, wenn der trifft."
  },
  {
    "name": "Tritt",
    "type": "Physisch",
    "description": "Verpasst dem Gegner einen ordentlichen Tritt in den Arsch. Dat sitzt."
  },
  {
    "name": "Verdammnis",
    "type": "Teufel",
    "description": "Schickt den Gegner geradewegs in die Verdammnis. Kein Entkommen, dat war's dann wohl f\u00fcr den."
  },
  {
    "name": "Verwirrung",
    "type": "Chaos",
    "description": "Glotzt den Gegner schr\u00e4g an, bis er total verwirrt ist. Der wei\u00df dann nich mehr, wo vorne und hinten is."
  },
  {
    "name": "Wahnsinn",
    "type": "Chaos",
    "description": "Verf\u00e4llt in v\u00f6lligen Wahnsinn und greift wie irre an. V\u00f6llig unberechenbar, dat Ding."
  },
  {
    "name": "Wasserstrahl",
    "type": "Wasser",
    "description": "Schie\u00dft einen geb\u00fcndelten Wasserstrahl ab wie ausm Hochdruckreiniger. Machste pitschnass mit."
  },
  {
    "name": "Wellenritt",
    "type": "Wasser",
    "description": "Schickt eine gro\u00dfe Wasserwelle los, die den Gegner \u00fcberschwemmt. Surfen kann der nich drauf, garantiert."
  },
  {
    "name": "Windsto\u00df",
    "type": "Luft",
    "description": "Schickt einen pl\u00f6tzlichen Wind auf den Gegner zu. Pustet ihm den Marsch, aber mal richtig."
  },
  {
    "name": "Wirbelwind",
    "type": "Luft",
    "description": "Dreht einen kleinen Tornado auf. Wirbelt den Gegner durch die Luft, bis ihm schlecht wird."
  }
]






#### old ####

{
  "moves": [
    {
      "id": "tackle",
      "name": "Rempler",
      "type": "Bestie",
      "category": "phys",
      "power": 40,
      "accuracy": 100,
      "pp": 35,
      "priority": 0,
      "targeting": "enemy",
      "effects": [],
      "description": "Einfacher Körperangriff"
    },
    {
      "id": "ember",
      "name": "Glut",
      "type": "Feuer",
      "category": "mag",
      "power": 40,
      "accuracy": 100,
      "pp": 25,
      "priority": 0,
      "targeting": "enemy",
      "effects": [
        {"kind": "status", "status": "burn", "chance": 10}
      ],
      "description": "Kleine Feuerflamme mit Verbrennungschance"
    },
    {
      "id": "water_gun",
      "name": "Wasserpistole",
      "type": "Wasser",
      "category": "mag",
      "power": 40,
      "accuracy": 100,
      "pp": 25,
      "priority": 0,
      "targeting": "enemy",
      "effects": [],
      "description": "Schießt einen Wasserstrahl"
    },
    {
      "id": "mud_slap",
      "name": "Lehmklatscher",
      "type": "Erde",
      "category": "phys",
      "power": 35,
      "accuracy": 100,
      "pp": 20,
      "priority": 0,
      "targeting": "enemy",
      "effects": [
        {"kind": "debuff", "stat": "acc", "stages": -1, "chance": 100}
      ],
      "description": "Wirft Dreck und senkt Genauigkeit"
    },
    {
      "id": "gust",
      "name": "Windstoß",
      "type": "Luft",
      "category": "mag",
      "power": 40,
      "accuracy": 100,
      "pp": 25,
      "priority": 0,
      "targeting": "enemy",
      "effects": [],
      "description": "Erzeugt einen starken Wind"
    },
    {
      "id": "growl",
      "name": "Knurren",
      "type": "Bestie",
      "category": "support",
      "power": 0,
      "accuracy": 100,
      "pp": 40,
      "priority": 0,
      "targeting": "all_enemies",
      "effects": [
        {"kind": "debuff", "stat": "atk", "stages": -1, "chance": 100}
      ],
      "description": "Knurrt bedrohlich und senkt Angriff"
    },
    {
      "id": "harden",
      "name": "Härtung",
      "type": "Erde",
      "category": "support",
      "power": 0,
      "accuracy": 100,
      "pp": 30,
      "priority": 0,
      "targeting": "self",
      "effects": [
        {"kind": "buff", "stat": "def", "stages": 1, "chance": 100}
      ],
      "description": "Erhöht die eigene Verteidigung"
    },
    {
      "id": "poison_sting",
      "name": "Giftstachel",
      "type": "Seuche",
      "category": "phys",
      "power": 25,
      "accuracy": 100,
      "pp": 35,
      "priority": 0,
      "targeting": "enemy",
      "effects": [
        {"kind": "status", "status": "poison", "chance": 30}
      ],
      "description": "Sticht mit giftigem Stachel"
    },
    {
      "id": "spark",
      "name": "Funkensprung",
      "type": "Energie",
      "category": "phys",
      "power": 65,
      "accuracy": 100,
      "pp": 20,
      "priority": 0,
      "targeting": "enemy",
      "effects": [
        {"kind": "status", "status": "paralysis", "chance": 30}
      ],
      "description": "Elektrischer Angriff mit Paralyse-Chance"
    },
    {
      "id": "confusion",
      "name": "Verwirrung",
      "type": "Mystik",
      "category": "mag",
      "power": 50,
      "accuracy": 100,
      "pp": 25,
      "priority": 0,
      "targeting": "enemy",
      "effects": [
        {"kind": "status", "status": "confusion", "chance": 10}
      ],
      "description": "Mystische Kraft verwirrt den Gegner"
    },
    {
      "id": "chaos_wave",
      "name": "Chaoswelle",
      "type": "Chaos",
      "category": "mag",
      "power": 75,
      "accuracy": 85,
      "pp": 15,
      "priority": 0,
      "targeting": "all_enemies",
      "effects": [],
      "description": "Entfesselt pure chaotische Energie"
    },
    {
      "id": "vine_whip",
      "name": "Rankenhieb",
      "type": "Pflanze",
      "category": "phys",
      "power": 45,
      "accuracy": 100,
      "pp": 25,
      "priority": 0,
      "targeting": "enemy",
      "effects": [],
      "description": "Peitscht mit Ranken"
    },
    {
      "id": "bite",
      "name": "Biss",
      "type": "Bestie",
      "category": "phys",
      "power": 60,
      "accuracy": 100,
      "pp": 25,
      "priority": 0,
      "targeting": "enemy",
      "effects": [
        {"kind": "status", "status": "flinch", "chance": 30}
      ],
      "description": "Beißt zu und kann zurückschrecken lassen"
    },
    {
      "id": "flamethrower",
      "name": "Flammenwurf",
      "type": "Feuer",
      "category": "mag",
      "power": 90,
      "accuracy": 100,
      "pp": 15,
      "priority": 0,
      "targeting": "enemy",
      "effects": [
        {"kind": "status", "status": "burn", "chance": 10}
      ],
      "description": "Starker Feuerangriff"
    },
    {
      "id": "hydro_pump",
      "name": "Hydropumpe",
      "type": "Wasser",
      "category": "mag",
      "power": 110,
      "accuracy": 80,
      "pp": 5,
      "priority": 0,
      "targeting": "enemy",
      "effects": [],
      "description": "Extrem starker Wasserangriff"
    },
    {
      "id": "earthquake",
      "name": "Erdbeben",
      "type": "Erde",
      "category": "phys",
      "power": 100,
      "accuracy": 100,
      "pp": 10,
      "priority": 0,
      "targeting": "all_enemies",
      "effects": [],
      "description": "Erschüttert den Boden"
    },
    {
      "id": "hurricane",
      "name": "Orkan",
      "type": "Luft",
      "category": "mag",
      "power": 110,
      "accuracy": 70,
      "pp": 10,
      "priority": 0,
      "targeting": "enemy",
      "effects": [
        {"kind": "status", "status": "confusion", "chance": 30}
      ],
      "description": "Gewaltiger Sturm"
    },
    {
      "id": "heal",
      "name": "Heilung",
      "type": "Mystik",
      "category": "support",
      "power": 0,
      "accuracy": 100,
      "pp": 10,
      "priority": 0,
      "targeting": "self",
      "effects": [
        {"kind": "heal", "amount": 50, "percent": true}
      ],
      "description": "Heilt 50% der max HP"
    },
    {
      "id": "divine_light",
      "name": "Göttliches Licht",
      "type": "Gottheit",
      "category": "mag",
      "power": 120,
      "accuracy": 85,
      "pp": 5,
      "priority": 0,
      "targeting": "all_enemies",
      "effects": [],
      "description": "Heiliges Licht läutert alle Feinde"
    },
    {
      "id": "dark_pulse",
      "name": "Finsterpuls",
      "type": "Teufel",
      "category": "mag",
      "power": 100,
      "accuracy": 100,
      "pp": 10,
      "priority": 0,
      "targeting": "enemy",
      "effects": [
        {"kind": "status", "status": "flinch", "chance": 20}
      ],
      "description": "Dunkle Energie durchströmt den Gegner"
    }
  ]
}